"Name","CinemaContextId","CinemaContextLink","OpeningYear","ClosingYear","Address","Locatiepunt1","Locatiepunt2","Locatiepunt3","Locatiepunt4","Locatiepunt5","CityNeighborhood1850","TopCountry1","TopCountry2","TopCountry3","TopGenre1","TopGenre2","TopGenre3"
"Panopticum (Amstelstraat)","Bios104","http://www.cinemacontext.nl/cgi/b/bib/bib-idx?type=boolean;c=cccbioscoop;sid=9a1f78db0d329446d2b166e80694eb47;lang=nl;q1=Amsterdam;rgn1=Stad;op2=And;rgn2=Alle%20velden;op3=And;rgn3=Alle%20velden;op4=And;rgn4=Alle%20velden;op5=And;rgn5=Alle%20velden;op6=And;rgn6=Alle%20velden;op7=And;rgn7=Alle%20velden;op8=And;rgn8=Alle%20velden;op9=And;rgn9=Alle%20velden;op10=And;rgn10=Alle%20velden;rangemin1=1907;rangemax1=1928;date1=1800;date2=1928;rangemin2=01-01-1800;rangemax2=31-12-1928;sort=stad%20oplopend;cc=cccbioscoop;view=reslist;fmt=long;page=reslist;start=2;size=1;tpl=details.tpl",1912,1914,"Amstelstraat 14-18",900001,900002,900003,,,"Y","USA",,,"Short",,
"Centraal Theater (Amstelstraat)","id1129320034190","http://www.cinemacontext.nl/cgi/b/bib/bib-idx?type=boolean;c=cccbioscoop;sid=9a1f78db0d329446d2b166e80694eb47;lang=nl;q1=Amsterdam;rgn1=Stad;op2=And;rgn2=Alle%20velden;op3=And;rgn3=Alle%20velden;op4=And;rgn4=Alle%20velden;op5=And;rgn5=Alle%20velden;op6=And;rgn6=Alle%20velden;op7=And;rgn7=Alle%20velden;op8=And;rgn8=Alle%20velden;op9=And;rgn9=Alle%20velden;op10=And;rgn10=Alle%20velden;rangemin1=1907;rangemax1=1928;date1=1800;date2=1928;rangemin2=01-01-1800;rangemax2=31-12-1928;sort=stad%20oplopend;cc=cccbioscoop;view=reslist;fmt=long;page=reslist;start=1;size=1;tpl=details.tpl",1915,1916,"Amstelstraat 14-18",900001,900002,900003,,,"Y","D","F","USSR","Short","Drama","Animation"
"Flora","Bios19","http://www.cinemacontext.nl/cgi/b/bib/bib-idx?type=boolean;c=cccbioscoop;sid=9a1f78db0d329446d2b166e80694eb47;lang=nl;q1=Amsterdam;rgn1=Stad;op2=And;rgn2=Alle%20velden;op3=And;rgn3=Alle%20velden;op4=And;rgn4=Alle%20velden;op5=And;rgn5=Alle%20velden;op6=And;rgn6=Alle%20velden;op7=And;rgn7=Alle%20velden;op8=And;rgn8=Alle%20velden;op9=And;rgn9=Alle%20velden;op10=And;rgn10=Alle%20velden;rangemin1=1907;rangemax1=1928;date1=1800;date2=1928;rangemin2=01-01-1800;rangemax2=31-12-1928;sort=stad%20oplopend;cc=cccbioscoop;view=reslist;fmt=long;page=reslist;start=3;size=1;tpl=details.tpl",1903,1929,"Amstelstraat 20-28",900004,900005,,,,"Y","USA",,,"Drama","History",
"Grand Théâtre","Bios57","http://www.cinemacontext.nl/cgi/b/bib/bib-idx?type=boolean;c=cccbioscoop;sid=9a1f78db0d329446d2b166e80694eb47;lang=nl;q1=Amsterdam;rgn1=Stad;op2=And;rgn2=Alle%20velden;op3=And;rgn3=Alle%20velden;op4=And;rgn4=Alle%20velden;op5=And;rgn5=Alle%20velden;op6=And;rgn6=Alle%20velden;op7=And;rgn7=Alle%20velden;op8=And;rgn8=Alle%20velden;op9=And;rgn9=Alle%20velden;op10=And;rgn10=Alle%20velden;rangemin1=1907;rangemax1=1928;date1=1800;date2=1928;rangemin2=01-01-1800;rangemax2=31-12-1928;sort=stad%20oplopend;cc=cccbioscoop;view=reslist;fmt=long;page=reslist;start=4;size=1;tpl=details.tpl",1910,1913,"Amstelstraat 21-23",900006,,,,,"Y","F","DK","I","Short","Drama",
"Olympia (Bellamystraat)","Bios101","http://www.cinemacontext.nl/cgi/b/bib/bib-idx?sort=naam%20oplopend;sid=46eec382e20c7b7fa0d185d9934c82c4;lang=nl;c=cccbioscoop;rgn1=Stad;type=boolean;q1=amsterdam;cc=cccbioscoop;view=reslist;fmt=long;page=reslist;size=1;start=90;tpl=details.tpl",1928,1965,"Bellamystraat 49",900007,,,,,"ONA"," "," "," ",,,
"Ceintuur Bioscoop","Bios76","http://www.cinemacontext.nl/cgi/b/bib/bib-idx?sort=naam%20oplopend;sid=46eec382e20c7b7fa0d185d9934c82c4;lang=nl;c=cccbioscoop;rgn1=Stad;type=boolean;q1=amsterdam;cc=cccbioscoop;view=reslist;fmt=long;page=reslist;size=1;start=25;tpl=details.tpl",1913,1921,"Ceintuurbaan 280",900008,,,,,"YY"," "," "," ",,,
"Ceintuur Theater","Bios10","http://www.cinemacontext.nl/cgi/b/bib/bib-idx?type=boolean;c=cccbioscoop;sid=9a1f78db0d329446d2b166e80694eb47;lang=nl;q1=Amsterdam;rgn1=Stad;op2=And;rgn2=Alle%20velden;op3=And;rgn3=Alle%20velden;op4=And;rgn4=Alle%20velden;op5=And;rgn5=Alle%20velden;op6=And;rgn6=Alle%20velden;op7=And;rgn7=Alle%20velden;op8=And;rgn8=Alle%20velden;op9=And;rgn9=Alle%20velden;op10=And;rgn10=Alle%20velden;rangemin1=1907;rangemax1=1928;date1=1800;date2=1928;rangemin2=01-01-1800;rangemax2=31-12-1928;sort=stad%20oplopend;cc=cccbioscoop;view=reslist;fmt=long;page=reslist;start=5;size=1;tpl=details.tpl",1921,1976,"Ceintuurbaan 282-284",900009,900010,,,,"YY","USA","D",,"Drama","Comedy","Romance"
"Rialto","Bios31","http://www.cinemacontext.nl/cgi/b/bib/bib-idx?type=boolean;c=cccbioscoop;sid=9a1f78db0d329446d2b166e80694eb47;lang=nl;q1=Amsterdam;rgn1=Stad;op2=And;rgn2=Alle%20velden;op3=And;rgn3=Alle%20velden;op4=And;rgn4=Alle%20velden;op5=And;rgn5=Alle%20velden;op6=And;rgn6=Alle%20velden;op7=And;rgn7=Alle%20velden;op8=And;rgn8=Alle%20velden;op9=And;rgn9=Alle%20velden;op10=And;rgn10=Alle%20velden;rangemin1=1907;rangemax1=1928;date1=1800;date2=1928;rangemin2=01-01-1800;rangemax2=31-12-1928;sort=stad%20oplopend;cc=cccbioscoop;view=reslist;fmt=long;page=reslist;start=6;size=1;tpl=details.tpl",1921,"Present","Ceintuurbaan 338-340",900011,900012,,,,"YY","USA","D","F","Drama","Comedy","Fantasy"
"Odeon (Coehoornstraat)","Bios659","http://www.cinemacontext.nl/cgi/b/bib/bib-idx?sort=naam%20oplopend;sid=46eec382e20c7b7fa0d185d9934c82c4;lang=nl;c=cccbioscoop;rgn1=Stad;type=boolean;q1=amsterdam;cc=cccbioscoop;view=reslist;fmt=long;page=reslist;size=1;start=87;tpl=details.tpl",1912,1914,"Coehoornstraat 6",900013,,,,,"T"," "," "," ",,,
"Witte Bioscoop","Bios97","http://www.cinemacontext.nl/cgi/b/bib/bib-idx?type=boolean;c=cccbioscoop;sid=9a1f78db0d329446d2b166e80694eb47;lang=nl;q1=Amsterdam;rgn1=Stad;op2=And;rgn2=Alle%20velden;op3=And;rgn3=Alle%20velden;op4=And;rgn4=Alle%20velden;op5=And;rgn5=Alle%20velden;op6=And;rgn6=Alle%20velden;op7=And;rgn7=Alle%20velden;op8=And;rgn8=Alle%20velden;op9=And;rgn9=Alle%20velden;op10=And;rgn10=Alle%20velden;rangemin1=1907;rangemax1=1928;date1=1800;date2=1928;rangemin2=01-01-1800;rangemax2=31-12-1928;sort=stad%20oplopend;cc=cccbioscoop;view=reslist;fmt=long;page=reslist;start=7;size=1;tpl=details.tpl",1911,1929,"Damrak 64",1318,,,,,"H","USA","D","F","Drama","Comedy","Short"
"Bijou Biograph Theatre","Bios82","http://www.cinemacontext.nl/cgi/b/bib/bib-idx?type=boolean;c=cccbioscoop;sid=9a1f78db0d329446d2b166e80694eb47;lang=nl;q1=Amsterdam;rgn1=Stad;op2=And;rgn2=Alle%20velden;op3=And;rgn3=Alle%20velden;op4=And;rgn4=Alle%20velden;op5=And;rgn5=Alle%20velden;op6=And;rgn6=Alle%20velden;op7=And;rgn7=Alle%20velden;op8=And;rgn8=Alle%20velden;op9=And;rgn9=Alle%20velden;op10=And;rgn10=Alle%20velden;rangemin1=1907;rangemax1=1928;date1=1800;date2=1928;rangemin2=01-01-1800;rangemax2=31-12-1928;sort=stad%20oplopend;cc=cccbioscoop;view=reslist;fmt=long;page=reslist;start=8;size=1;tpl=details.tpl",1906,1915,"Damstraat 20",900014,,,,,"A"," "," "," ",,,
"Damstraat Bioscope","Bios54","http://www.cinemacontext.nl/cgi/b/bib/bib-idx?type=boolean;c=cccbioscoop;sid=9a1f78db0d329446d2b166e80694eb47;lang=nl;q1=Amsterdam;rgn1=Stad;op2=And;rgn2=Alle%20velden;op3=And;rgn3=Alle%20velden;op4=And;rgn4=Alle%20velden;op5=And;rgn5=Alle%20velden;op6=And;rgn6=Alle%20velden;op7=And;rgn7=Alle%20velden;op8=And;rgn8=Alle%20velden;op9=And;rgn9=Alle%20velden;op10=And;rgn10=Alle%20velden;rangemin1=1907;rangemax1=1928;date1=1800;date2=1928;rangemin2=01-01-1800;rangemax2=31-12-1928;sort=stad%20oplopend;cc=cccbioscoop;view=reslist;fmt=long;page=reslist;start=9;size=1;tpl=details.tpl",1915,1920,"Damstraat 20",900014,,,,,"A","USA",,,,,
"New York","Bios81","http://www.cinemacontext.nl/cgi/b/bib/bib-idx?sort=naam%20oplopend;sid=46eec382e20c7b7fa0d185d9934c82c4;lang=nl;c=cccbioscoop;rgn1=Stad;type=boolean;q1=amsterdam;cc=cccbioscoop;view=reslist;fmt=long;page=reslist;size=1;start=84;tpl=details.tpl#target5",1920,1924,"Damstraat 20",900014,,,,,"A"," "," "," ",,,
"Dam Bioscoop","Bios53","http://www.cinemacontext.nl/cgi/b/bib/bib-idx?type=boolean;c=cccbioscoop;sid=9a1f78db0d329446d2b166e80694eb47;lang=nl;q1=Amsterdam;rgn1=Stad;op2=And;rgn2=Alle%20velden;op3=And;rgn3=Alle%20velden;op4=And;rgn4=Alle%20velden;op5=And;rgn5=Alle%20velden;op6=And;rgn6=Alle%20velden;op7=And;rgn7=Alle%20velden;op8=And;rgn8=Alle%20velden;op9=And;rgn9=Alle%20velden;op10=And;rgn10=Alle%20velden;rangemin1=1907;rangemax1=1928;date1=1800;date2=1928;rangemin2=01-01-1800;rangemax2=31-12-1928;sort=stad%20oplopend;cc=cccbioscoop;view=reslist;fmt=long;page=reslist;start=10;size=1;tpl=details.tpl",1913,1914,"Damstraat 23",1006,,,,,"J",,,,,,
"Americain Bioscoop","Bios71","http://www.cinemacontext.nl/cgi/b/bib/bib-idx?type=boolean;c=cccbioscoop;sid=9a1f78db0d329446d2b166e80694eb47;lang=nl;q1=Amsterdam;rgn1=Stad;op2=And;rgn2=Alle%20velden;op3=And;rgn3=Alle%20velden;op4=And;rgn4=Alle%20velden;op5=And;rgn5=Alle%20velden;op6=And;rgn6=Alle%20velden;op7=And;rgn7=Alle%20velden;op8=And;rgn8=Alle%20velden;op9=And;rgn9=Alle%20velden;op10=And;rgn10=Alle%20velden;rangemin1=1907;rangemax1=1928;date1=1800;date2=1928;rangemin2=01-01-1800;rangemax2=31-12-1928;sort=stad%20oplopend;cc=cccbioscoop;view=reslist;fmt=long;page=reslist;size=1;start=11;tpl=details.tpl",1911,1913,"Daniël Stalpertstraat 67",900015,,,,,"YY","USA","F",,"Short","Comedy",
"Olympia (Dapperstraat)","Bios26","http://www.cinemacontext.nl/cgi/b/bib/bib-idx?type=boolean;c=cccbioscoop;sid=9a1f78db0d329446d2b166e80694eb47;lang=nl;q1=Amsterdam;rgn1=Stad;op2=And;rgn2=Alle%20velden;op3=And;rgn3=Alle%20velden;op4=And;rgn4=Alle%20velden;op5=And;rgn5=Alle%20velden;op6=And;rgn6=Alle%20velden;op7=And;rgn7=Alle%20velden;op8=And;rgn8=Alle%20velden;op9=And;rgn9=Alle%20velden;op10=And;rgn10=Alle%20velden;rangemin1=1907;rangemax1=1928;date1=1800;date2=1928;rangemin2=01-01-1800;rangemax2=31-12-1928;sort=stad%20oplopend;cc=cccbioscoop;view=reslist;fmt=long;page=reslist;size=1;start=12;tpl=details.tpl",1911,1922,"Dapperstraat 84",900016,,,,,"ZZ","F",,,"Short","Comedy","Drama"
"Swinden Theater","Bios91","http://www.cinemacontext.nl/cgi/b/bib/bib-idx?sort=naam%20oplopend;sid=46eec382e20c7b7fa0d185d9934c82c4;lang=nl;c=cccbioscoop;rgn1=Stad;type=boolean;q1=amsterdam;cc=cccbioscoop;view=reslist;fmt=long;page=reslist;size=1;start=125;tpl=details.tpl",1913,1926,"1e Van Swindenstraat 72-76",900017,900018,900019,,,"ZZ"," "," "," ",,,
"Edison (Elandsgracht)","Bios18","http://www.cinemacontext.nl/cgi/b/bib/bib-idx?type=boolean;c=cccbioscoop;sid=9a1f78db0d329446d2b166e80694eb47;lang=nl;q1=Amsterdam;rgn1=Stad;op2=And;rgn2=Alle%20velden;op3=And;rgn3=Alle%20velden;op4=And;rgn4=Alle%20velden;op5=And;rgn5=Alle%20velden;op6=And;rgn6=Alle%20velden;op7=And;rgn7=Alle%20velden;op8=And;rgn8=Alle%20velden;op9=And;rgn9=Alle%20velden;op10=And;rgn10=Alle%20velden;rangemin1=1907;rangemax1=1928;date1=1800;date2=1928;rangemin2=01-01-1800;rangemax2=31-12-1928;sort=stad%20oplopend;cc=cccbioscoop;view=reslist;fmt=long;page=reslist;size=1;start=13;tpl=details.tpl",1912,1962,"Elandsgracht 92",900020,,,,,"GG","USA","F","D","Drama","Romance","Comedy"
"Paleis voor Volksvlijt","Bios102","http://www.cinemacontext.nl/cgi/b/bib/bib-idx?type=boolean;c=cccbioscoop;sid=9a1f78db0d329446d2b166e80694eb47;lang=nl;q1=Amsterdam;rgn1=Stad;op2=And;rgn2=Alle%20velden;op3=And;rgn3=Alle%20velden;op4=And;rgn4=Alle%20velden;op5=And;rgn5=Alle%20velden;op6=And;rgn6=Alle%20velden;op7=And;rgn7=Alle%20velden;op8=And;rgn8=Alle%20velden;op9=And;rgn9=Alle%20velden;op10=And;rgn10=Alle%20velden;rangemin1=1907;rangemax1=1928;date1=1800;date2=1928;rangemin2=01-01-1800;rangemax2=31-12-1928;sort=stad%20oplopend;cc=cccbioscoop;view=reslist;fmt=long;page=reslist;size=1;start=14;tpl=details.tpl",1907,1929,"Frederiksplein",900021,,,,,"Z","USA","F","D","Drama","Adventure","Fantasy"
"Bioscoop onbekend 2 / Bioscoop Goudsbloemstraat","Bios73","http://www.cinemacontext.nl/cgi/b/bib/bib-idx?sort=naam%20oplopend;sid=46eec382e20c7b7fa0d185d9934c82c4;lang=nl;c=cccbioscoop;rgn1=Stad;type=boolean;q1=amsterdam;cc=cccbioscoop;view=reslist;fmt=long;page=reslist;size=1;start=18;tpl=details.tpl",1912,1914,"Goudsbloemstraat 52-54",900022,900023,,,,"QQ"," "," "," ",,,
"Bioscoop onbekend 4 / Van der Werf Bioscooptheater","Bios1434","http://www.cinemacontext.nl/cgi/b/bib/bib-idx?sort=naam%20oplopend;sid=46eec382e20c7b7fa0d185d9934c82c4;lang=nl;c=cccbioscoop;rgn1=Stad;type=boolean;q1=amsterdam;cc=cccbioscoop;view=reslist;fmt=long;page=reslist;size=1;start=19;tpl=details.tpl",1912,1912,"Goudsbloemstraat 86",900024,,,,,"QQ"," "," "," ",,,
"Apollo","Bios5","http://www.cinemacontext.nl/cgi/b/bib/bib-idx?type=boolean;c=cccbioscoop;sid=9a1f78db0d329446d2b166e80694eb47;lang=nl;q1=Amsterdam;rgn1=Stad;op2=And;rgn2=Alle%20velden;op3=And;rgn3=Alle%20velden;op4=And;rgn4=Alle%20velden;op5=And;rgn5=Alle%20velden;op6=And;rgn6=Alle%20velden;op7=And;rgn7=Alle%20velden;op8=And;rgn8=Alle%20velden;op9=And;rgn9=Alle%20velden;op10=And;rgn10=Alle%20velden;rangemin1=1907;rangemax1=1928;date1=1800;date2=1928;rangemin2=01-01-1800;rangemax2=31-12-1928;sort=stad%20oplopend;cc=cccbioscoop;view=reslist;fmt=long;page=reslist;size=1;start=18;tpl=details.tpl",1911,1964,"Haarlemmerdijk 82",900025,,,,,"UU","USA","D",,"Drama","Romance","Adventure"
"Tavenu","Bios92","http://www.cinemacontext.nl/cgi/b/bib/bib-idx?type=boolean;c=cccbioscoop;sid=9a1f78db0d329446d2b166e80694eb47;lang=nl;q1=Amsterdam;rgn1=Stad;op2=And;rgn2=Alle%20velden;op3=And;rgn3=Alle%20velden;op4=And;rgn4=Alle%20velden;op5=And;rgn5=Alle%20velden;op6=And;rgn6=Alle%20velden;op7=And;rgn7=Alle%20velden;op8=And;rgn8=Alle%20velden;op9=And;rgn9=Alle%20velden;op10=And;rgn10=Alle%20velden;rangemin1=1907;rangemax1=1928;date1=1800;date2=1928;rangemin2=01-01-1800;rangemax2=31-12-1928;sort=stad%20oplopend;cc=cccbioscoop;view=reslist;fmt=long;page=reslist;size=1;start=17;tpl=details.tpl",1912,1914,"Haarlemmerdijk 161",900026,,,,,"UU",,,,"Short","Drama",
"Prinsesse Bioscoop","Bios86","http://www.cinemacontext.nl/cgi/b/bib/bib-idx?type=boolean;c=cccbioscoop;sid=9a1f78db0d329446d2b166e80694eb47;lang=nl;q1=Amsterdam;rgn1=Stad;op2=And;rgn2=Alle%20velden;op3=And;rgn3=Alle%20velden;op4=And;rgn4=Alle%20velden;op5=And;rgn5=Alle%20velden;op6=And;rgn6=Alle%20velden;op7=And;rgn7=Alle%20velden;op8=And;rgn8=Alle%20velden;op9=And;rgn9=Alle%20velden;op10=And;rgn10=Alle%20velden;rangemin1=1907;rangemax1=1928;date1=1800;date2=1928;rangemin2=01-01-1800;rangemax2=31-12-1928;sort=stad%20oplopend;cc=cccbioscoop;view=reslist;fmt=long;page=reslist;size=1;start=16;tpl=details.tpl",1914,1915,"Haarlemmerdijk 161",900026,,,,,"UU","USA",,,,,
"Hollandia (Haarlemmerdijk)","Bios60","http://www.cinemacontext.nl/cgi/b/bib/bib-idx?type=boolean;c=cccbioscoop;sid=9a1f78db0d329446d2b166e80694eb47;lang=nl;q1=Amsterdam;rgn1=Stad;op2=And;rgn2=Alle%20velden;op3=And;rgn3=Alle%20velden;op4=And;rgn4=Alle%20velden;op5=And;rgn5=Alle%20velden;op6=And;rgn6=Alle%20velden;op7=And;rgn7=Alle%20velden;op8=And;rgn8=Alle%20velden;op9=And;rgn9=Alle%20velden;op10=And;rgn10=Alle%20velden;rangemin1=1907;rangemax1=1928;date1=1800;date2=1928;rangemin2=01-01-1800;rangemax2=31-12-1928;sort=stad%20oplopend;cc=cccbioscoop;view=reslist;fmt=long;page=reslist;size=1;start=15;tpl=details.tpl",1915,1969,"Haarlemmerdijk 161",900026,,,,,"UU","USA",,,"Drama","Comedy","Romance"
"Wester Bioscoop","Bios96","http://www.cinemacontext.nl/cgi/b/bib/bib-idx?sort=naam%20oplopend;sid=46eec382e20c7b7fa0d185d9934c82c4;lang=nl;c=cccbioscoop;rgn1=Stad;type=boolean;q1=amsterdam;cc=cccbioscoop;view=reslist;fmt=long;page=reslist;size=1;start=141;tpl=details.tpl",1912,1913,"Haarlemmerplein 7",900027,,,,,"UU"," "," "," ",,,
"Roode Bioscoop","Bios87","http://www.cinemacontext.nl/cgi/b/bib/bib-idx?type=boolean;c=cccbioscoop;sid=9a1f78db0d329446d2b166e80694eb47;lang=nl;q1=Amsterdam;rgn1=Stad;op2=And;rgn2=Alle%20velden;op3=And;rgn3=Alle%20velden;op4=And;rgn4=Alle%20velden;op5=And;rgn5=Alle%20velden;op6=And;rgn6=Alle%20velden;op7=And;rgn7=Alle%20velden;op8=And;rgn8=Alle%20velden;op9=And;rgn9=Alle%20velden;op10=And;rgn10=Alle%20velden;rangemin1=1907;rangemax1=1928;date1=1800;date2=1928;rangemin2=01-01-1800;rangemax2=31-12-1928;sort=stad%20oplopend;cc=cccbioscoop;view=reslist;fmt=long;page=reslist;size=1;start=19;tpl=details.tpl",1913,1913,"Haarlemmerplein 7",900027,,,,,"UU"," "," "," ",,,
"Ons Genoegen","Bios1489","http://www.cinemacontext.nl/cgi/b/bib/bib-idx?sort=naam%20oplopend;sid=46eec382e20c7b7fa0d185d9934c82c4;lang=nl;c=cccbioscoop;rgn1=Stad;type=boolean;q1=amsterdam;cc=cccbioscoop;view=reslist;fmt=long;page=reslist;size=1;start=93;tpl=details.tpl",1914,1918,"Haarlemmerplein 7",900027,,,,,"UU"," "," "," ",,,
"Haarlemmerpoort","Bios58","http://www.cinemacontext.nl/cgi/b/bib/bib-idx?sort=naam%20oplopend;sid=46eec382e20c7b7fa0d185d9934c82c4;lang=nl;c=cccbioscoop;rgn1=Stad;type=boolean;q1=amsterdam;cc=cccbioscoop;view=reslist;fmt=long;page=reslist;size=1;start=65;tpl=details.tpl",1912,1914,"Haarlemmerplein 33",900028,,,,,"UU"," "," "," ",,,
"Thalia (A)","Bios59","http://www.cinemacontext.nl/cgi/b/bib/bib-idx?sort=naam%20oplopend;sid=46eec382e20c7b7fa0d185d9934c82c4;lang=nl;c=cccbioscoop;rgn1=Stad;type=boolean;q1=amsterdam;cc=cccbioscoop;view=reslist;fmt=long;page=reslist;size=1;start=127;tpl=details.tpl",1914,1915,"Haarlemmerplein 33",900028,,,,,"UU"," "," "," ",,,
"Edison (Haarlemmerstraat)","Bios1430","http://www.cinemacontext.nl/cgi/b/bib/bib-idx?sort=naam%20oplopend;sid=46eec382e20c7b7fa0d185d9934c82c4;lang=nl;c=cccbioscoop;rgn1=Stad;type=boolean;q1=amsterdam;cc=cccbioscoop;view=reslist;fmt=long;page=reslist;size=1;start=57;tpl=details.tpl",1912,1913,"Haarlemmerstraat 12a",900029,,,,,"TT"," "," "," ",,,
"Scala","Bios90","http://www.cinemacontext.nl/cgi/b/bib/bib-idx?type=boolean;c=cccbioscoop;sid=9a1f78db0d329446d2b166e80694eb47;lang=nl;q1=Amsterdam;rgn1=Stad;op2=And;rgn2=Alle%20velden;op3=And;rgn3=Alle%20velden;op4=And;rgn4=Alle%20velden;op5=And;rgn5=Alle%20velden;op6=And;rgn6=Alle%20velden;op7=And;rgn7=Alle%20velden;op8=And;rgn8=Alle%20velden;op9=And;rgn9=Alle%20velden;op10=And;rgn10=Alle%20velden;rangemin1=1907;rangemax1=1928;date1=1800;date2=1928;rangemin2=01-01-1800;rangemax2=31-12-1928;sort=stad%20oplopend;cc=cccbioscoop;view=reslist;fmt=long;page=reslist;size=1;start=20;tpl=details.tpl",1912,1936,"Haarlemmerstraat 31-39",900030,900031,900032,900033,900034,"TT","USA",,,"Drama","Comedy","Romance"
"Huize Nieuw Vondel",,,1912,1913,"Haarlemmerweg 201",900035,,,,,"ONA"," "," "," ",,,
"Union","Bios1292","http://www.cinemacontext.nl/cgi/b/bib/bib-idx?type=boolean;c=cccbioscoop;sid=9a1f78db0d329446d2b166e80694eb47;lang=nl;q1=Amsterdam;rgn1=Stad;op2=And;rgn2=Alle%20velden;op3=And;rgn3=Alle%20velden;op4=And;rgn4=Alle%20velden;op5=And;rgn5=Alle%20velden;op6=And;rgn6=Alle%20velden;op7=And;rgn7=Alle%20velden;op8=And;rgn8=Alle%20velden;op9=And;rgn9=Alle%20velden;op10=And;rgn10=Alle%20velden;rangemin1=1907;rangemax1=1928;date1=1800;date2=1928;rangemin2=01-01-1800;rangemax2=31-12-1928;sort=stad%20oplopend;cc=cccbioscoop;view=reslist;fmt=long;page=reslist;size=1;start=21;tpl=details.tpl",1911,1930,"Heiligeweg 34-36",900036,900037,,,,"D","D","USA",,"Drama","Short","Comedy"
"Rembrandt Bioscope","Bios107","http://www.cinemacontext.nl/cgi/b/bib/bib-idx?type=boolean;c=cccbioscoop;sid=9a1f78db0d329446d2b166e80694eb47;lang=nl;q1=Amsterdam;rgn1=Stad;op2=And;rgn2=Alle%20velden;op3=And;rgn3=Alle%20velden;op4=And;rgn4=Alle%20velden;op5=And;rgn5=Alle%20velden;op6=And;rgn6=Alle%20velden;op7=And;rgn7=Alle%20velden;op8=And;rgn8=Alle%20velden;op9=And;rgn9=Alle%20velden;op10=And;rgn10=Alle%20velden;rangemin1=1907;rangemax1=1928;date1=1800;date2=1928;rangemin2=01-01-1800;rangemax2=31-12-1928;sort=stad%20oplopend;cc=cccbioscoop;view=reslist;fmt=long;page=reslist;size=1;start=22;tpl=details.tpl",1911,1927,"Jodenbreestraat 23",900038,,,,,"Q","F",,,"Short","Drama","Comedy"
"Tip-Top Theater","Bios94","http://www.cinemacontext.nl/cgi/b/bib/bib-idx?type=boolean;c=cccbioscoop;sid=9a1f78db0d329446d2b166e80694eb47;lang=nl;q1=Amsterdam;rgn1=Stad;op2=And;rgn2=Alle%20velden;op3=And;rgn3=Alle%20velden;op4=And;rgn4=Alle%20velden;op5=And;rgn5=Alle%20velden;op6=And;rgn6=Alle%20velden;op7=And;rgn7=Alle%20velden;op8=And;rgn8=Alle%20velden;op9=And;rgn9=Alle%20velden;op10=And;rgn10=Alle%20velden;rangemin1=1907;rangemax1=1928;date1=1800;date2=1928;rangemin2=01-01-1800;rangemax2=31-12-1928;sort=stad%20oplopend;cc=cccbioscoop;view=reslist;fmt=long;page=reslist;size=1;start=23;tpl=details.tpl",1914,1942,"Jodenbreestraat 25-27",900039,900040,,,,"Q","USA",,,"Drama","Short","Romance"
"Pathé","Bios105","http://www.cinemacontext.nl/cgi/b/bib/bib-idx?type=boolean;c=cccbioscoop;sid=9a1f78db0d329446d2b166e80694eb47;lang=nl;q1=Amsterdam;rgn1=Stad;op2=And;rgn2=Alle%20velden;op3=And;rgn3=Alle%20velden;op4=And;rgn4=Alle%20velden;op5=And;rgn5=Alle%20velden;op6=And;rgn6=Alle%20velden;op7=And;rgn7=Alle%20velden;op8=And;rgn8=Alle%20velden;op9=And;rgn9=Alle%20velden;op10=And;rgn10=Alle%20velden;rangemin1=1907;rangemax1=1928;date1=1800;date2=1928;rangemin2=01-01-1800;rangemax2=31-12-1928;sort=stad%20oplopend;cc=cccbioscoop;view=reslist;fmt=long;page=reslist;size=1;start=25;tpl=details.tpl",1911,1923,"Kalverstraat 122",900041,,,,,"E","F","USA",,"Short","Drama","Comedy"
"Corso","Bios14","http://www.cinemacontext.nl/cgi/b/bib/bib-idx?type=boolean;c=cccbioscoop;sid=9a1f78db0d329446d2b166e80694eb47;lang=nl;q1=Amsterdam;rgn1=Stad;op2=And;rgn2=Alle%20velden;op3=And;rgn3=Alle%20velden;op4=And;rgn4=Alle%20velden;op5=And;rgn5=Alle%20velden;op6=And;rgn6=Alle%20velden;op7=And;rgn7=Alle%20velden;op8=And;rgn8=Alle%20velden;op9=And;rgn9=Alle%20velden;op10=And;rgn10=Alle%20velden;rangemin1=1907;rangemax1=1928;date1=1800;date2=1928;rangemin2=01-01-1800;rangemax2=31-12-1928;sort=stad%20oplopend;cc=cccbioscoop;view=reslist;fmt=long;page=reslist;size=1;start=24;tpl=details.tpl",1925,1979,"Kalverstraat 122",900041,,,,,"E","USA","D","F","Drama","Comedy","Romance"
"Cinema Palace","Bios78","http://www.cinemacontext.nl/cgi/b/bib/bib-idx?type=boolean;c=cccbioscoop;sid=9a1f78db0d329446d2b166e80694eb47;lang=nl;q1=Amsterdam;rgn1=Stad;op2=And;rgn2=Alle%20velden;op3=And;rgn3=Alle%20velden;op4=And;rgn4=Alle%20velden;op5=And;rgn5=Alle%20velden;op6=And;rgn6=Alle%20velden;op7=And;rgn7=Alle%20velden;op8=And;rgn8=Alle%20velden;op9=And;rgn9=Alle%20velden;op10=And;rgn10=Alle%20velden;rangemin1=1907;rangemax1=1928;date1=1800;date2=1928;rangemin2=01-01-1800;rangemax2=31-12-1928;sort=stad%20oplopend;cc=cccbioscoop;view=reslist;fmt=long;page=reslist;size=1;start=26;tpl=details.tpl",1912,1927,"Kalverstraat 224",900042,,,,,"D","USA","D","F","Drama","Short","Comedy"
"Roxy","Bios32","http://www.cinemacontext.nl/cgi/b/bib/bib-idx?type=boolean;c=cccbioscoop;sid=9a1f78db0d329446d2b166e80694eb47;lang=nl;q1=Amsterdam;rgn1=Stad;op2=And;rgn2=Alle%20velden;op3=And;rgn3=Alle%20velden;op4=And;rgn4=Alle%20velden;op5=And;rgn5=Alle%20velden;op6=And;rgn6=Alle%20velden;op7=And;rgn7=Alle%20velden;op8=And;rgn8=Alle%20velden;op9=And;rgn9=Alle%20velden;op10=And;rgn10=Alle%20velden;rangemin1=1907;rangemax1=1928;date1=1800;date2=1928;rangemin2=01-01-1800;rangemax2=31-12-1928;sort=stad%20oplopend;cc=cccbioscoop;view=reslist;fmt=long;page=reslist;size=1;start=27;tpl=details.tpl",1927,1982,"Kalverstraat 224",900042,,,,,"D","USA",,,"Drama","Comedy","Romance"
"Cinema de la Monnaie","Bios67","http://www.cinemacontext.nl/cgi/b/bib/bib-idx?type=boolean;c=cccbioscoop;sid=9a1f78db0d329446d2b166e80694eb47;lang=nl;q1=Amsterdam;rgn1=Stad;op2=And;rgn2=Alle%20velden;op3=And;rgn3=Alle%20velden;op4=And;rgn4=Alle%20velden;op5=And;rgn5=Alle%20velden;op6=And;rgn6=Alle%20velden;op7=And;rgn7=Alle%20velden;op8=And;rgn8=Alle%20velden;op9=And;rgn9=Alle%20velden;op10=And;rgn10=Alle%20velden;rangemin1=1907;rangemax1=1928;date1=1800;date2=1928;rangemin2=01-01-1800;rangemax2=31-12-1928;sort=stad%20oplopend;cc=cccbioscoop;view=reslist;fmt=long;page=reslist;size=1;start=28;tpl=details.tpl",1912,1914,"Kalverstraat 226",900043,,,,,"D","D","F",,"Short","Drama",
"De Munt","Bios69","http://www.cinemacontext.nl/cgi/b/bib/bib-idx?type=boolean;c=cccbioscoop;sid=9a1f78db0d329446d2b166e80694eb47;lang=nl;q1=Amsterdam;rgn1=Stad;op2=And;rgn2=Alle%20velden;op3=And;rgn3=Alle%20velden;op4=And;rgn4=Alle%20velden;op5=And;rgn5=Alle%20velden;op6=And;rgn6=Alle%20velden;op7=And;rgn7=Alle%20velden;op8=And;rgn8=Alle%20velden;op9=And;rgn9=Alle%20velden;op10=And;rgn10=Alle%20velden;rangemin1=1907;rangemax1=1928;date1=1800;date2=1928;rangemin2=01-01-1800;rangemax2=31-12-1928;sort=stad%20oplopend;cc=cccbioscoop;view=reslist;fmt=long;page=reslist;size=1;start=29;tpl=details.tpl",1914,1949,"Kalverstraat 226",900043,,,,,"D","USA","DK","D","Comedy","Drama","Short"
"Bioscoop onbekend (Kerkstraat)",,,1913,"?","Kerkstraat 311",900044,,,,,"AA"," "," "," ",,,
"Van Lennep Bioscoop","Bios1435","http://www.cinemacontext.nl/cgi/b/bib/bib-idx?sort=naam%20oplopend;sid=46eec382e20c7b7fa0d185d9934c82c4;lang=nl;c=cccbioscoop;rgn1=Stad;type=boolean;q1=amsterdam;cc=cccbioscoop;view=reslist;fmt=long;page=reslist;size=1;start=136;tpl=details.tpl",1911,1914,"Kinkerstraat 309-311",900045,900046,,,,"ONA"," "," "," ",,,
"Opera Bioscoop","id1187961919945","http://www.cinemacontext.nl/cgi/b/bib/bib-idx?type=boolean;c=cccbioscoop;sid=9a1f78db0d329446d2b166e80694eb47;lang=nl;q1=Amsterdam;rgn1=Stad;op2=And;rgn2=Alle%20velden;op3=And;rgn3=Alle%20velden;op4=And;rgn4=Alle%20velden;op5=And;rgn5=Alle%20velden;op6=And;rgn6=Alle%20velden;op7=And;rgn7=Alle%20velden;op8=And;rgn8=Alle%20velden;op9=And;rgn9=Alle%20velden;op10=And;rgn10=Alle%20velden;rangemin1=1907;rangemax1=1928;date1=1800;date2=1928;rangemin2=01-01-1800;rangemax2=31-12-1928;sort=stad%20oplopend;cc=cccbioscoop;view=reslist;fmt=long;page=reslist;size=1;start=30;tpl=details.tpl",1910,1913,"Leidsekade 90",900047,,,,,"JJ","I","F",,"Short",,
"Nassau","Bios79","http://www.cinemacontext.nl/cgi/b/bib/bib-idx?type=boolean;c=cccbioscoop;sid=46eec382e20c7b7fa0d185d9934c82c4;lang=nl;q1=Amsterdam;rgn1=Stad;op2=And;rgn2=Alle%20velden;op3=And;rgn3=Alle%20velden;op4=And;rgn4=Alle%20velden;op5=And;rgn5=Alle%20velden;op6=And;rgn6=Alle%20velden;op7=And;rgn7=Alle%20velden;op8=And;rgn8=Alle%20velden;op9=And;rgn9=Alle%20velden;op10=And;rgn10=Alle%20velden;rangemin1=1907;rangemax1=1928;date1=1800;date2=1928;rangemin2=01-01-1800;rangemax2=31-12-1928;sort=stad%20oplopend;cc=cccbioscoop;view=reslist;fmt=long;page=reslist;size=1;start=31;tpl=details.tpl",1913,1929,"Lijnbaansgracht 31-32",900048,900049,,,,"QQ"," "," "," ",,,
"National Theater","Bios80","http://www.cinemacontext.nl/cgi/b/bib/bib-idx?type=boolean;c=cccbioscoop;sid=46eec382e20c7b7fa0d185d9934c82c4;lang=nl;q1=Amsterdam;rgn1=Stad;op2=And;rgn2=Alle%20velden;op3=And;rgn3=Alle%20velden;op4=And;rgn4=Alle%20velden;op5=And;rgn5=Alle%20velden;op6=And;rgn6=Alle%20velden;op7=And;rgn7=Alle%20velden;op8=And;rgn8=Alle%20velden;op9=And;rgn9=Alle%20velden;op10=And;rgn10=Alle%20velden;rangemin1=1907;rangemax1=1928;date1=1800;date2=1928;rangemin2=01-01-1800;rangemax2=31-12-1928;sort=stad%20oplopend;cc=cccbioscoop;view=reslist;fmt=long;page=reslist;size=1;start=32;tpl=details.tpl",1922,1965,"Linnaeusstraat 20",900050,,,,,"ZZ","D","F",,"Drama","Comedy","Short"
"Koninklijk Instituut voor de Tropen",,"http://www.cinemacontext.nl/cgi/b/bib/bib-idx?sort=naam%20oplopend;sid=46eec382e20c7b7fa0d185d9934c82c4;lang=nl;c=cccbioscoop;rgn1=Stad;type=boolean;q1=amsterdam;cc=cccbioscoop;view=reslist;fmt=long;page=reslist;size=1;start=75;tpl=details.tpl#target4",1926,"Present","Mauritskade 63",900051,,,,,"ZZ"," "," "," ",,,
"Keur Bioscoop (Nieuwe Achtergracht)","Bios1432","http://www.cinemacontext.nl/cgi/b/bib/bib-idx?type=boolean;c=cccbioscoop;sid=46eec382e20c7b7fa0d185d9934c82c4;lang=nl;q1=Amsterdam;rgn1=Stad;op2=And;rgn2=Alle%20velden;op3=And;rgn3=Alle%20velden;op4=And;rgn4=Alle%20velden;op5=And;rgn5=Alle%20velden;op6=And;rgn6=Alle%20velden;op7=And;rgn7=Alle%20velden;op8=And;rgn8=Alle%20velden;op9=And;rgn9=Alle%20velden;op10=And;rgn10=Alle%20velden;rangemin1=1907;rangemax1=1928;date1=1800;date2=1928;rangemin2=01-01-1800;rangemax2=31-12-1928;sort=stad%20oplopend;cc=cccbioscoop;view=reslist;fmt=long;page=reslist;size=1;start=33;tpl=details.tpl",1912,1912,"Nieuwe Achtergracht 140-144",900052,900053,900054,,,"W","USA",,,,,
"Plantage Bioscoop (Nieuwe Herengracht)","Bios106","http://www.cinemacontext.nl/cgi/b/bib/bib-idx?type=boolean;c=cccbioscoop;sid=46eec382e20c7b7fa0d185d9934c82c4;lang=nl;q1=Amsterdam;rgn1=Stad;op2=And;rgn2=Alle%20velden;op3=And;rgn3=Alle%20velden;op4=And;rgn4=Alle%20velden;op5=And;rgn5=Alle%20velden;op6=And;rgn6=Alle%20velden;op7=And;rgn7=Alle%20velden;op8=And;rgn8=Alle%20velden;op9=And;rgn9=Alle%20velden;op10=And;rgn10=Alle%20velden;rangemin1=1907;rangemax1=1928;date1=1800;date2=1928;rangemin2=01-01-1800;rangemax2=31-12-1928;sort=stad%20oplopend;cc=cccbioscoop;view=reslist;fmt=long;page=reslist;size=1;start=35;tpl=details.tpl",1912,1915,"Nieuwe Herengracht 117",900055,,,,,"V","F",,,"Drama",,
"Hollandia (Nieuwe Herengracht)","Bios61","http://www.cinemacontext.nl/cgi/b/bib/bib-idx?type=boolean;c=cccbioscoop;sid=46eec382e20c7b7fa0d185d9934c82c4;lang=nl;q1=Amsterdam;rgn1=Stad;op2=And;rgn2=Alle%20velden;op3=And;rgn3=Alle%20velden;op4=And;rgn4=Alle%20velden;op5=And;rgn5=Alle%20velden;op6=And;rgn6=Alle%20velden;op7=And;rgn7=Alle%20velden;op8=And;rgn8=Alle%20velden;op9=And;rgn9=Alle%20velden;op10=And;rgn10=Alle%20velden;rangemin1=1907;rangemax1=1928;date1=1800;date2=1928;rangemin2=01-01-1800;rangemax2=31-12-1928;sort=stad%20oplopend;cc=cccbioscoop;view=reslist;fmt=long;page=reslist;size=1;start=34;tpl=details.tpl",1915,1949,"Nieuwe Herengracht 117",900055,,,,,"V","USA",,,,,
"Familie Bioscoop","Bios55","http://www.cinemacontext.nl/cgi/b/bib/bib-idx?sort=naam%20oplopend;sid=46eec382e20c7b7fa0d185d9934c82c4;lang=nl;c=cccbioscoop;rgn1=Stad;type=boolean;q1=amsterdam;cc=cccbioscoop;view=reslist;fmt=long;page=reslist;size=1;start=59;tpl=details.tpl",1911,1916,"Nieuwendijk 11",900056,,,,,"L"," "," "," ",,,
"Juliana","Bios62","http://www.cinemacontext.nl/cgi/b/bib/bib-idx?type=boolean;c=cccbioscoop;sid=46eec382e20c7b7fa0d185d9934c82c4;lang=nl;q1=Amsterdam;rgn1=Stad;op2=And;rgn2=Alle%20velden;op3=And;rgn3=Alle%20velden;op4=And;rgn4=Alle%20velden;op5=And;rgn5=Alle%20velden;op6=And;rgn6=Alle%20velden;op7=And;rgn7=Alle%20velden;op8=And;rgn8=Alle%20velden;op9=And;rgn9=Alle%20velden;op10=And;rgn10=Alle%20velden;rangemin1=1907;rangemax1=1928;date1=1800;date2=1928;rangemin2=01-01-1800;rangemax2=31-12-1928;sort=stad%20oplopend;cc=cccbioscoop;view=reslist;fmt=long;page=reslist;size=1;start=41;tpl=details.tpl",1912,1918,"Nieuwendijk 29",900057,,,,,"L","F",,,"Short","Drama","Comedy"
"Thalia (B)","Bios93","http://www.cinemacontext.nl/cgi/b/bib/bib-idx?sort=naam%20oplopend;sid=46eec382e20c7b7fa0d185d9934c82c4;lang=nl;c=cccbioscoop;rgn1=Stad;type=boolean;q1=amsterdam;cc=cccbioscoop;view=reslist;fmt=long;page=reslist;size=1;start=128;tpl=details.tpl",1918,1922,"Nieuwendijk 29",900057,,,,,"L"," "," "," ",,,
"Centraal (Nieuwendijk)","Bios48","http://www.cinemacontext.nl/cgi/b/bib/bib-idx?sort=naam%20oplopend;sid=46eec382e20c7b7fa0d185d9934c82c4;lang=nl;c=cccbioscoop;rgn1=Stad;type=boolean;q1=amsterdam;cc=cccbioscoop;view=reslist;fmt=long;page=reslist;size=1;start=27;tpl=details.tpl",1912,1987,"Nieuwendijk 67",2543,,,,,"L"," "," "," ",,,
"Parisien (Nieuwendijk)","Bios27","http://www.cinemacontext.nl/cgi/b/bib/bib-idx?type=boolean;c=cccbioscoop;sid=46eec382e20c7b7fa0d185d9934c82c4;lang=nl;q1=Amsterdam;rgn1=Stad;op2=And;rgn2=Alle%20velden;op3=And;rgn3=Alle%20velden;op4=And;rgn4=Alle%20velden;op5=And;rgn5=Alle%20velden;op6=And;rgn6=Alle%20velden;op7=And;rgn7=Alle%20velden;op8=And;rgn8=Alle%20velden;op9=And;rgn9=Alle%20velden;op10=And;rgn10=Alle%20velden;rangemin1=1907;rangemax1=1928;date1=1800;date2=1928;rangemin2=01-01-1800;rangemax2=31-12-1928;sort=stad%20oplopend;cc=cccbioscoop;view=reslist;fmt=long;page=reslist;size=1;start=42;tpl=details.tpl",1910,1987,"Nieuwendijk 69",2544,,,,,"L","USA","D","F","Drama",,
"Kosmorama","Bios64","http://www.cinemacontext.nl/cgi/b/bib/bib-idx?type=boolean;c=cccbioscoop;sid=46eec382e20c7b7fa0d185d9934c82c4;lang=nl;q1=Amsterdam;rgn1=Stad;op2=And;rgn2=Alle%20velden;op3=And;rgn3=Alle%20velden;op4=And;rgn4=Alle%20velden;op5=And;rgn5=Alle%20velden;op6=And;rgn6=Alle%20velden;op7=And;rgn7=Alle%20velden;op8=And;rgn8=Alle%20velden;op9=And;rgn9=Alle%20velden;op10=And;rgn10=Alle%20velden;rangemin1=1907;rangemax1=1928;date1=1800;date2=1928;rangemin2=01-01-1800;rangemax2=31-12-1928;sort=stad%20oplopend;cc=cccbioscoop;view=reslist;fmt=long;page=reslist;size=1;start=36;tpl=details.tpl",1911,1919,"Nieuwendijk 128-132",1872,1871,1870,,,"H","DK","USA",,"Drama","Short","Documentary"
"Luxor","Bios22","http://www.cinemacontext.nl/cgi/b/bib/bib-idx?type=boolean;c=cccbioscoop;sid=46eec382e20c7b7fa0d185d9934c82c4;lang=nl;q1=Amsterdam;rgn1=Stad;op2=And;rgn2=Alle%20velden;op3=And;rgn3=Alle%20velden;op4=And;rgn4=Alle%20velden;op5=And;rgn5=Alle%20velden;op6=And;rgn6=Alle%20velden;op7=And;rgn7=Alle%20velden;op8=And;rgn8=Alle%20velden;op9=And;rgn9=Alle%20velden;op10=And;rgn10=Alle%20velden;rangemin1=1907;rangemax1=1928;date1=1800;date2=1928;rangemin2=01-01-1800;rangemax2=31-12-1928;sort=stad%20oplopend;cc=cccbioscoop;view=reslist;fmt=long;page=reslist;size=1;start=37;tpl=details.tpl",1919,1975,"Nieuwendijk 128-132",1872,1871,1870,,,"H","USA",,,"Drama","Comedy",
"Cinema Royal","Bios3","http://www.cinemacontext.nl/cgi/b/bib/bib-idx?type=boolean;c=cccbioscoop;sid=46eec382e20c7b7fa0d185d9934c82c4;lang=nl;q1=Amsterdam;rgn1=Stad;op2=And;rgn2=Alle%20velden;op3=And;rgn3=Alle%20velden;op4=And;rgn4=Alle%20velden;op5=And;rgn5=Alle%20velden;op6=And;rgn6=Alle%20velden;op7=And;rgn7=Alle%20velden;op8=And;rgn8=Alle%20velden;op9=And;rgn9=Alle%20velden;op10=And;rgn10=Alle%20velden;rangemin1=1907;rangemax1=1928;date1=1800;date2=1928;rangemin2=01-01-1800;rangemax2=31-12-1928;sort=stad%20oplopend;cc=cccbioscoop;view=reslist;fmt=long;page=reslist;size=1;start=38;tpl=details.tpl",1922,1940,"Nieuwendijk 154",1761,,,,,"H","USA","D",,"Drama",,
"Passage","Bios28","http://www.cinemacontext.nl/cgi/b/bib/bib-idx?type=boolean;c=cccbioscoop;sid=46eec382e20c7b7fa0d185d9934c82c4;lang=nl;q1=Amsterdam;rgn1=Stad;op2=And;rgn2=Alle%20velden;op3=And;rgn3=Alle%20velden;op4=And;rgn4=Alle%20velden;op5=And;rgn5=Alle%20velden;op6=And;rgn6=Alle%20velden;op7=And;rgn7=Alle%20velden;op8=And;rgn8=Alle%20velden;op9=And;rgn9=Alle%20velden;op10=And;rgn10=Alle%20velden;rangemin1=1907;rangemax1=1928;date1=1800;date2=1928;rangemin2=01-01-1800;rangemax2=31-12-1928;sort=stad%20oplopend;cc=cccbioscoop;view=reslist;fmt=long;page=reslist;size=1;start=39;tpl=details.tpl",1919,1959,"Nieuwendijk 186",1519,,,,,"H","USA","D","I","Drama",,
"Victoria (Nieuwendijk)","Bios112","http://www.cinemacontext.nl/cgi/b/bib/bib-idx?type=boolean;c=cccbioscoop;sid=46eec382e20c7b7fa0d185d9934c82c4;lang=nl;q1=Amsterdam;rgn1=Stad;op2=And;rgn2=Alle%20velden;op3=And;rgn3=Alle%20velden;op4=And;rgn4=Alle%20velden;op5=And;rgn5=Alle%20velden;op6=And;rgn6=Alle%20velden;op7=And;rgn7=Alle%20velden;op8=And;rgn8=Alle%20velden;op9=And;rgn9=Alle%20velden;op10=And;rgn10=Alle%20velden;rangemin1=1907;rangemax1=1928;date1=1800;date2=1928;rangemin2=01-01-1800;rangemax2=31-12-1928;sort=stad%20oplopend;cc=cccbioscoop;view=reslist;fmt=long;page=reslist;size=1;start=40;tpl=details.tpl",1920,1922,"Nieuwendijk 192",1516,,,,,"H","USA","D","GB","Adventure","Action","Drama"
"Olympia Paleis (Overtoom)","Bios100","http://www.cinemacontext.nl/cgi/b/bib/bib-idx?sort=naam%20oplopend;sid=46eec382e20c7b7fa0d185d9934c82c4;lang=nl;c=cccbioscoop;rgn1=Stad;type=boolean;q1=amsterdam;cc=cccbioscoop;view=reslist;fmt=long;page=reslist;size=1;start=92;tpl=details.tpl",1913,1914,"Overtoom 135-137",900058,900059,,,,"XX"," "," "," ",,,
"Bellevue Bioscoop (Plantage Middenlaan)","id1340234547876","http://www.cinemacontext.nl/cgi/b/bib/bib-idx?type=boolean;c=cccbioscoop;sid=46eec382e20c7b7fa0d185d9934c82c4;lang=nl;q1=Amsterdam;rgn1=Stad;op2=And;rgn2=Alle%20velden;op3=And;rgn3=Alle%20velden;op4=And;rgn4=Alle%20velden;op5=And;rgn5=Alle%20velden;op6=And;rgn6=Alle%20velden;op7=And;rgn7=Alle%20velden;op8=And;rgn8=Alle%20velden;op9=And;rgn9=Alle%20velden;op10=And;rgn10=Alle%20velden;rangemin1=1907;rangemax1=1928;date1=1800;date2=1928;rangemin2=01-01-1800;rangemax2=31-12-1928;sort=stad%20oplopend;cc=cccbioscoop;view=reslist;fmt=long;page=reslist;size=1;start=43;tpl=details.tpl",1910,1910,"Plantage Middenlaan 4a",900060,,,,,"V"," "," "," ",,,
"Prinsen Theater","Bios85","http://www.cinemacontext.nl/cgi/b/bib/bib-idx?type=boolean;c=cccbioscoop;sid=46eec382e20c7b7fa0d185d9934c82c4;lang=nl;q1=Amsterdam;rgn1=Stad;op2=And;rgn2=Alle%20velden;op3=And;rgn3=Alle%20velden;op4=And;rgn4=Alle%20velden;op5=And;rgn5=Alle%20velden;op6=And;rgn6=Alle%20velden;op7=And;rgn7=Alle%20velden;op8=And;rgn8=Alle%20velden;op9=And;rgn9=Alle%20velden;op10=And;rgn10=Alle%20velden;rangemin1=1907;rangemax1=1928;date1=1800;date2=1928;rangemin2=01-01-1800;rangemax2=31-12-1928;sort=stad%20oplopend;cc=cccbioscoop;view=reslist;fmt=long;page=reslist;size=1;start=44;tpl=details.tpl",1912,1942,"Prinsengracht 245a",900061,,,,,"RR","USA",,,"Drama","Romance",
"City Bioscope","Bios51","http://www.cinemacontext.nl/cgi/b/bib/bib-idx?type=boolean;c=cccbioscoop;sid=46eec382e20c7b7fa0d185d9934c82c4;lang=nl;q1=Amsterdam;rgn1=Stad;op2=And;rgn2=Alle%20velden;op3=And;rgn3=Alle%20velden;op4=And;rgn4=Alle%20velden;op5=And;rgn5=Alle%20velden;op6=And;rgn6=Alle%20velden;op7=And;rgn7=Alle%20velden;op8=And;rgn8=Alle%20velden;op9=And;rgn9=Alle%20velden;op10=And;rgn10=Alle%20velden;rangemin1=1907;rangemax1=1928;date1=1800;date2=1928;rangemin2=01-01-1800;rangemax2=31-12-1928;sort=stad%20oplopend;cc=cccbioscoop;view=reslist;fmt=long;page=reslist;size=1;start=45;tpl=details.tpl",1913,1929,"Prinsengracht 452",900062,,,,,"CC","USA",,,"Drama","Comedy","Romance"
"Concordia","Bios1492","http://www.cinemacontext.nl/cgi/b/bib/bib-idx?sort=naam%20oplopend;sid=46eec382e20c7b7fa0d185d9934c82c4;lang=nl;c=cccbioscoop;rgn1=Stad;type=boolean;q1=amsterdam;cc=cccbioscoop;view=reslist;fmt=long;page=reslist;size=1;start=45;tpl=details.tpl#target5",1912,1912,"Rapenburg 16b",900063,,,,,"U"," "," "," ",,,
"Victoria (Rapenburg)","Bios1433","http://www.cinemacontext.nl/cgi/b/bib/bib-idx?sort=naam%20oplopend;sid=46eec382e20c7b7fa0d185d9934c82c4;lang=nl;c=cccbioscoop;rgn1=Stad;type=boolean;q1=amsterdam;cc=cccbioscoop;view=reslist;fmt=long;page=reslist;size=1;start=138;tpl=details.tpl",1912,1915,"Rapenburg 16b",900063,,,,,"U"," "," "," ",,,
"Tuschinski","Bios34","http://www.cinemacontext.nl/cgi/b/bib/bib-idx?type=boolean;c=cccbioscoop;sid=46eec382e20c7b7fa0d185d9934c82c4;lang=nl;q1=Amsterdam;rgn1=Stad;op2=And;rgn2=Alle%20velden;op3=And;rgn3=Alle%20velden;op4=And;rgn4=Alle%20velden;op5=And;rgn5=Alle%20velden;op6=And;rgn6=Alle%20velden;op7=And;rgn7=Alle%20velden;op8=And;rgn8=Alle%20velden;op9=And;rgn9=Alle%20velden;op10=And;rgn10=Alle%20velden;rangemin1=1907;rangemax1=1928;date1=1800;date2=1928;rangemin2=01-01-1800;rangemax2=31-12-1928;sort=stad%20oplopend;cc=cccbioscoop;view=reslist;fmt=long;page=reslist;size=1;start=46;tpl=details.tpl",1921,1940,"Reguliersbreestraat 26-28",900064,900065,,,,"X","USA",,,"Drama","Comedy","Romance"
"Nöggerath (Bioscope Theater)","Bios23","http://www.cinemacontext.nl/cgi/b/bib/bib-idx?type=boolean;c=cccbioscoop;sid=46eec382e20c7b7fa0d185d9934c82c4;lang=nl;q1=Amsterdam;rgn1=Stad;op2=And;rgn2=Alle%20velden;op3=And;rgn3=Alle%20velden;op4=And;rgn4=Alle%20velden;op5=And;rgn5=Alle%20velden;op6=And;rgn6=Alle%20velden;op7=And;rgn7=Alle%20velden;op8=And;rgn8=Alle%20velden;op9=And;rgn9=Alle%20velden;op10=And;rgn10=Alle%20velden;rangemin1=1907;rangemax1=1928;date1=1800;date2=1928;rangemin2=01-01-1800;rangemax2=31-12-1928;sort=stad%20oplopend;cc=cccbioscoop;view=reslist;fmt=long;page=reslist;size=1;start=47;tpl=details.tpl",1907,1983,"Reguliersbreestraat 34",900066,,,,,"X","USA","F",,"Drama","Short","Comedy"
"Café-Bioscoop Blaauw","Bios75","http://www.cinemacontext.nl/cgi/b/bib/bib-idx?type=boolean;c=cccbioscoop;sid=46eec382e20c7b7fa0d185d9934c82c4;lang=nl;q1=Amsterdam;rgn1=Stad;op2=And;rgn2=Alle%20velden;op3=And;rgn3=Alle%20velden;op4=And;rgn4=Alle%20velden;op5=And;rgn5=Alle%20velden;op6=And;rgn6=Alle%20velden;op7=And;rgn7=Alle%20velden;op8=And;rgn8=Alle%20velden;op9=And;rgn9=Alle%20velden;op10=And;rgn10=Alle%20velden;rangemin1=1907;rangemax1=1928;date1=1800;date2=1928;rangemin2=01-01-1800;rangemax2=31-12-1928;sort=stad%20oplopend;cc=cccbioscoop;view=reslist;fmt=long;page=reslist;size=1;start=49;tpl=details.tpl",1909,1915,"Rembrandtplein 8",900067,,,,,"X","F","DK",,"Short","Comedy","Drama"
"Rembrandt Theater","Bios1302","http://www.cinemacontext.nl/cgi/b/bib/bib-idx?type=boolean;c=cccbioscoop;sid=46eec382e20c7b7fa0d185d9934c82c4;lang=nl;q1=Amsterdam;rgn1=Stad;op2=And;rgn2=Alle%20velden;op3=And;rgn3=Alle%20velden;op4=And;rgn4=Alle%20velden;op5=And;rgn5=Alle%20velden;op6=And;rgn6=Alle%20velden;op7=And;rgn7=Alle%20velden;op8=And;rgn8=Alle%20velden;op9=And;rgn9=Alle%20velden;op10=And;rgn10=Alle%20velden;rangemin1=1907;rangemax1=1928;date1=1800;date2=1928;rangemin2=01-01-1800;rangemax2=31-12-1928;sort=stad%20oplopend;cc=cccbioscoop;view=reslist;fmt=long;page=reslist;size=1;start=48;tpl=details.tpl",1919,1943,"Rembrandtplein 21-23",900068,,,,,"Y","D","USA",,"Drama",,
"Rozen Theater","Bios33","http://www.cinemacontext.nl/cgi/b/bib/bib-idx?type=boolean;c=cccbioscoop;sid=46eec382e20c7b7fa0d185d9934c82c4;lang=nl;q1=Amsterdam;rgn1=Stad;op2=And;rgn2=Alle%20velden;op3=And;rgn3=Alle%20velden;op4=And;rgn4=Alle%20velden;op5=And;rgn5=Alle%20velden;op6=And;rgn6=Alle%20velden;op7=And;rgn7=Alle%20velden;op8=And;rgn8=Alle%20velden;op9=And;rgn9=Alle%20velden;op10=And;rgn10=Alle%20velden;rangemin1=1907;rangemax1=1928;date1=1800;date2=1928;rangemin2=01-01-1800;rangemax2=31-12-1928;sort=stad%20oplopend;cc=cccbioscoop;view=reslist;fmt=long;page=reslist;size=1;start=51;tpl=details.tpl",1913,1926,"Rozengracht 117",900069,,,,,"EE","F","USA","D","Short","Drama",
"Asta","Bios44","http://www.cinemacontext.nl/cgi/b/bib/bib-idx?type=boolean;c=cccbioscoop;sid=46eec382e20c7b7fa0d185d9934c82c4;lang=nl;q1=Amsterdam;rgn1=Stad;op2=And;rgn2=Alle%20velden;op3=And;rgn3=Alle%20velden;op4=And;rgn4=Alle%20velden;op5=And;rgn5=Alle%20velden;op6=And;rgn6=Alle%20velden;op7=And;rgn7=Alle%20velden;op8=And;rgn8=Alle%20velden;op9=And;rgn9=Alle%20velden;op10=And;rgn10=Alle%20velden;rangemin1=1907;rangemax1=1928;date1=1800;date2=1928;rangemin2=01-01-1800;rangemax2=31-12-1928;sort=stad%20oplopend;cc=cccbioscoop;view=reslist;fmt=long;page=reslist;size=1;start=50;tpl=details.tpl",1926,1948,"Rozengracht 117",900069,,,,,"EE","D","USA","F","Drama","Comedy","Short"
"Odeon (Singel)","Bios25","http://www.cinemacontext.nl/cgi/b/bib/bib-idx?type=boolean;c=cccbioscoop;sid=46eec382e20c7b7fa0d185d9934c82c4;lang=nl;q1=Amsterdam;rgn1=Stad;op2=And;rgn2=Alle%20velden;op3=And;rgn3=Alle%20velden;op4=And;rgn4=Alle%20velden;op5=And;rgn5=Alle%20velden;op6=And;rgn6=Alle%20velden;op7=And;rgn7=Alle%20velden;op8=And;rgn8=Alle%20velden;op9=And;rgn9=Alle%20velden;op10=And;rgn10=Alle%20velden;rangemin1=1907;rangemax1=1928;date1=1800;date2=1928;rangemin2=01-01-1800;rangemax2=31-12-1928;sort=stad%20oplopend;cc=cccbioscoop;view=reslist;fmt=long;page=reslist;size=1;start=52;tpl=details.tpl",1911,1916,"Singel 460",900070,,,,,"JJ","F",,,"Short",,
"R.K. Schoolbioscoop","Bios1310","http://www.cinemacontext.nl/cgi/b/bib/bib-idx?sort=naam%20oplopend;sid=46eec382e20c7b7fa0d185d9934c82c4;lang=nl;c=cccbioscoop;rgn1=Stad;type=boolean;q1=amsterdam;cc=cccbioscoop;view=reslist;fmt=long;page=reslist;size=1;start=110;tpl=details.tpl",1919,1925,"Sint Willibrordusstraat 19",900071,,,,,"YY"," "," "," ",,,
"Bioscoop onbekend 1 (Tuinstraat) / Bioscooptheater Tuinstraat","Bios74","http://www.cinemacontext.nl/cgi/b/bib/bib-idx?sort=naam%20oplopend;sid=46eec382e20c7b7fa0d185d9934c82c4;lang=nl;c=cccbioscoop;rgn1=Stad;type=boolean;q1=amsterdam;cc=cccbioscoop;view=reslist;fmt=long;page=reslist;size=1;start=17;tpl=details.tpl",1912,1914,"Tuinstraat 144-146",900072,,,,,"OO"," "," "," ",,,
"Goudsbloem","Bios56","http://www.cinemacontext.nl/cgi/b/bib/bib-idx?sort=naam%20oplopend;sid=46eec382e20c7b7fa0d185d9934c82c4;lang=nl;c=cccbioscoop;rgn1=Stad;type=boolean;q1=amsterdam;cc=cccbioscoop;view=reslist;fmt=long;page=reslist;size=1;start=63;tpl=details.tpl#target5",1913,1914,"2e Goudsbloemdwarsstraat",900073,,,,,"QQ"," "," "," ",,,
"Beurs Bioscoop","Bios46","http://www.cinemacontext.nl/cgi/b/bib/bib-idx?type=boolean;c=cccbioscoop;sid=46eec382e20c7b7fa0d185d9934c82c4;lang=nl;q1=Amsterdam;rgn1=Stad;op2=And;rgn2=Alle%20velden;op3=And;rgn3=Alle%20velden;op4=And;rgn4=Alle%20velden;op5=And;rgn5=Alle%20velden;op6=And;rgn6=Alle%20velden;op7=And;rgn7=Alle%20velden;op8=And;rgn8=Alle%20velden;op9=And;rgn9=Alle%20velden;op10=And;rgn10=Alle%20velden;rangemin1=1907;rangemax1=1928;date1=1800;date2=1928;rangemin2=01-01-1800;rangemax2=31-12-1928;sort=stad%20oplopend;cc=cccbioscoop;view=reslist;fmt=long;page=reslist;size=1;start=53;tpl=details.tpl",1912,1913,"Warmoesstraat 139",772,,,,,"J","F","D","USA","Short","Drama","Comedy"
"De Vereeniging","id1157638479768","http://www.cinemacontext.nl/cgi/b/bib/bib-idx?sort=naam%20oplopend;sid=46eec382e20c7b7fa0d185d9934c82c4;lang=nl;c=cccbioscoop;rgn1=Stad;type=boolean;q1=amsterdam;cc=cccbioscoop;view=reslist;fmt=long;page=reslist;size=1;start=53;tpl=details.tpl",1912,1913,"Warmoesstraat 139",772,,,,,"J"," "," "," ",,,
"Keur Bioscoop (Warmoesstraat)","Bios63","http://www.cinemacontext.nl/cgi/b/bib/bib-idx?type=boolean;c=cccbioscoop;sid=46eec382e20c7b7fa0d185d9934c82c4;lang=nl;q1=Amsterdam;rgn1=Stad;op2=And;rgn2=Alle%20velden;op3=And;rgn3=Alle%20velden;op4=And;rgn4=Alle%20velden;op5=And;rgn5=Alle%20velden;op6=And;rgn6=Alle%20velden;op7=And;rgn7=Alle%20velden;op8=And;rgn8=Alle%20velden;op9=And;rgn9=Alle%20velden;op10=And;rgn10=Alle%20velden;rangemin1=1907;rangemax1=1928;date1=1800;date2=1928;rangemin2=01-01-1800;rangemax2=31-12-1928;sort=stad%20oplopend;cc=cccbioscoop;view=reslist;fmt=long;page=reslist;size=1;start=54;tpl=details.tpl",1922,1923,"Warmoesstraat 139",772,,,,,"J","D",,,"Crime","Drama",
"Rubens Bioscoop","Bios88","http://www.cinemacontext.nl/cgi/b/bib/bib-idx?type=boolean;c=cccbioscoop;sid=46eec382e20c7b7fa0d185d9934c82c4;lang=nl;q1=Amsterdam;rgn1=Stad;op2=And;rgn2=Alle%20velden;op3=And;rgn3=Alle%20velden;op4=And;rgn4=Alle%20velden;op5=And;rgn5=Alle%20velden;op6=And;rgn6=Alle%20velden;op7=And;rgn7=Alle%20velden;op8=And;rgn8=Alle%20velden;op9=And;rgn9=Alle%20velden;op10=And;rgn10=Alle%20velden;rangemin1=1907;rangemax1=1928;date1=1800;date2=1928;rangemin2=01-01-1800;rangemax2=31-12-1928;sort=stad%20oplopend;cc=cccbioscoop;view=reslist;fmt=long;page=reslist;size=1;start=55;tpl=details.tpl",1913,1918,"Waterlooplein 80-82",900074,900075,,,,"P","USA","D",,"Short","Comedy","Drama"
"Oostersche Bioscoop","Bios84","http://www.cinemacontext.nl/cgi/b/bib/bib-idx?type=boolean;c=cccbioscoop;sid=46eec382e20c7b7fa0d185d9934c82c4;lang=nl;q1=Amsterdam;rgn1=Stad;op2=And;rgn2=Alle%20velden;op3=And;rgn3=Alle%20velden;op4=And;rgn4=Alle%20velden;op5=And;rgn5=Alle%20velden;op6=And;rgn6=Alle%20velden;op7=And;rgn7=Alle%20velden;op8=And;rgn8=Alle%20velden;op9=And;rgn9=Alle%20velden;op10=And;rgn10=Alle%20velden;rangemin1=1907;rangemax1=1928;date1=1800;date2=1928;rangemin2=01-01-1800;rangemax2=31-12-1928;sort=stad%20oplopend;cc=cccbioscoop;view=reslist;fmt=long;page=reslist;size=1;start=56;tpl=details.tpl",1913,1914,"Weesperstraat 60-62",900076,900077,,,,"W","D","I",,"Short","Drama","Comedy"
