"person","occup","tax","hiscam"
"https://iisg.amsterdam/resource/bdv/100451","https://iisg.amsterdam/hisco/code/hisco/12110","216","99"
"https://iisg.amsterdam/resource/bdv/106901","https://iisg.amsterdam/hisco/code/hisco/12110","121","99"
"https://iisg.amsterdam/resource/bdv/109751","https://iisg.amsterdam/hisco/code/hisco/12110","251","99"
"https://iisg.amsterdam/resource/bdv/115901","https://iisg.amsterdam/hisco/code/hisco/12110","209","99"
"https://iisg.amsterdam/resource/bdv/119051","https://iisg.amsterdam/hisco/code/hisco/12110","142","99"
"https://iisg.amsterdam/resource/bdv/119801","https://iisg.amsterdam/hisco/code/hisco/12110","69","99"
"https://iisg.amsterdam/resource/bdv/120001","https://iisg.amsterdam/hisco/code/hisco/12110","401","99"
"https://iisg.amsterdam/resource/bdv/120251","https://iisg.amsterdam/hisco/code/hisco/12110","253","99"
"https://iisg.amsterdam/resource/bdv/122501","https://iisg.amsterdam/hisco/code/hisco/12110","118","99"
"https://iisg.amsterdam/resource/bdv/123101","https://iisg.amsterdam/hisco/code/hisco/12110","81","99"
"https://iisg.amsterdam/resource/bdv/124301","https://iisg.amsterdam/hisco/code/hisco/12110","179","99"
"https://iisg.amsterdam/resource/bdv/126751","https://iisg.amsterdam/hisco/code/hisco/12110","88","99"
"https://iisg.amsterdam/resource/bdv/129551","https://iisg.amsterdam/hisco/code/hisco/12110","535","99"
"https://iisg.amsterdam/resource/bdv/132351","https://iisg.amsterdam/hisco/code/hisco/12110","111","99"
"https://iisg.amsterdam/resource/bdv/133301","https://iisg.amsterdam/hisco/code/hisco/12110","144","99"
"https://iisg.amsterdam/resource/bdv/107501","https://iisg.amsterdam/hisco/code/hisco/12210","385","99"
"https://iisg.amsterdam/resource/bdv/135251","https://iisg.amsterdam/hisco/code/hisco/12210","706","99"
"https://iisg.amsterdam/resource/bdv/100501","https://iisg.amsterdam/hisco/code/hisco/12310","99","99"
"https://iisg.amsterdam/resource/bdv/109551","https://iisg.amsterdam/hisco/code/hisco/12310","0","99"
"https://iisg.amsterdam/resource/bdv/109801","https://iisg.amsterdam/hisco/code/hisco/12310","37","99"
"https://iisg.amsterdam/resource/bdv/110351","https://iisg.amsterdam/hisco/code/hisco/12310","125","99"
"https://iisg.amsterdam/resource/bdv/129001","https://iisg.amsterdam/hisco/code/hisco/12310","100","99"
"https://iisg.amsterdam/resource/bdv/134801","https://iisg.amsterdam/hisco/code/hisco/12310","80","99"
"https://iisg.amsterdam/resource/bdv/136601","https://iisg.amsterdam/hisco/code/hisco/12310","166","99"
"https://iisg.amsterdam/resource/bdv/101251","https://iisg.amsterdam/hisco/code/hisco/13100","138","96.15"
"https://iisg.amsterdam/resource/bdv/102351","https://iisg.amsterdam/hisco/code/hisco/13100","187","96.15"
"https://iisg.amsterdam/resource/bdv/103601","https://iisg.amsterdam/hisco/code/hisco/13100","165","96.15"
"https://iisg.amsterdam/resource/bdv/108001","https://iisg.amsterdam/hisco/code/hisco/13100","147","96.15"
"https://iisg.amsterdam/resource/bdv/111001","https://iisg.amsterdam/hisco/code/hisco/13100","172","96.15"
"https://iisg.amsterdam/resource/bdv/132601","https://iisg.amsterdam/hisco/code/hisco/13100","254","96.15"
"https://iisg.amsterdam/resource/bdv/135851","https://iisg.amsterdam/hisco/code/hisco/13100","603","96.15"
"https://iisg.amsterdam/resource/bdv/104851","https://iisg.amsterdam/hisco/code/hisco/13200","62","89.26"
"https://iisg.amsterdam/resource/bdv/118151","https://iisg.amsterdam/hisco/code/hisco/13200","69","89.26"
"https://iisg.amsterdam/resource/bdv/118451","https://iisg.amsterdam/hisco/code/hisco/13200","93","89.26"
"https://iisg.amsterdam/resource/bdv/123501","https://iisg.amsterdam/hisco/code/hisco/13200","217","89.26"
"https://iisg.amsterdam/resource/bdv/128101","https://iisg.amsterdam/hisco/code/hisco/13200","97","89.26"
"https://iisg.amsterdam/resource/bdv/137651","https://iisg.amsterdam/hisco/code/hisco/13200","49","89.26"
"https://iisg.amsterdam/resource/bdv/105701","https://iisg.amsterdam/hisco/code/hisco/14120","126","99"
"https://iisg.amsterdam/resource/bdv/112451","https://iisg.amsterdam/hisco/code/hisco/14120","155","99"
"https://iisg.amsterdam/resource/bdv/114851","https://iisg.amsterdam/hisco/code/hisco/14120","131","99"
"https://iisg.amsterdam/resource/bdv/121251","https://iisg.amsterdam/hisco/code/hisco/14120","131","99"
"https://iisg.amsterdam/resource/bdv/123301","https://iisg.amsterdam/hisco/code/hisco/14120","172","99"
"https://iisg.amsterdam/resource/bdv/133751","https://iisg.amsterdam/hisco/code/hisco/14120","143","99"
"https://iisg.amsterdam/resource/bdv/135401","https://iisg.amsterdam/hisco/code/hisco/14120","910","99"
"https://iisg.amsterdam/resource/bdv/137251","https://iisg.amsterdam/hisco/code/hisco/14120","299","99"
"https://iisg.amsterdam/resource/bdv/103001","https://iisg.amsterdam/hisco/code/hisco/17990","75","54.74"
"https://iisg.amsterdam/resource/bdv/108501","https://iisg.amsterdam/hisco/code/hisco/17990","222","54.74"
"https://iisg.amsterdam/resource/bdv/129651","https://iisg.amsterdam/hisco/code/hisco/17990","135","54.74"
"https://iisg.amsterdam/resource/bdv/135201","https://iisg.amsterdam/hisco/code/hisco/17990","42","54.74"
"https://iisg.amsterdam/resource/bdv/100351","https://iisg.amsterdam/hisco/code/hisco/21110","161","89.18"
"https://iisg.amsterdam/resource/bdv/104151","https://iisg.amsterdam/hisco/code/hisco/21110","149","89.18"
"https://iisg.amsterdam/resource/bdv/105601","https://iisg.amsterdam/hisco/code/hisco/21110","55","89.18"
"https://iisg.amsterdam/resource/bdv/106301","https://iisg.amsterdam/hisco/code/hisco/21110","89","89.18"
"https://iisg.amsterdam/resource/bdv/106951","https://iisg.amsterdam/hisco/code/hisco/21110","104","89.18"
"https://iisg.amsterdam/resource/bdv/108451","https://iisg.amsterdam/hisco/code/hisco/21110","273","89.18"
"https://iisg.amsterdam/resource/bdv/110101","https://iisg.amsterdam/hisco/code/hisco/21110","170","89.18"
"https://iisg.amsterdam/resource/bdv/110851","https://iisg.amsterdam/hisco/code/hisco/21110","85","89.18"
"https://iisg.amsterdam/resource/bdv/111551","https://iisg.amsterdam/hisco/code/hisco/21110","191","89.18"
"https://iisg.amsterdam/resource/bdv/114251","https://iisg.amsterdam/hisco/code/hisco/21110","19","89.18"
"https://iisg.amsterdam/resource/bdv/114301","https://iisg.amsterdam/hisco/code/hisco/21110","123","89.18"
"https://iisg.amsterdam/resource/bdv/116001","https://iisg.amsterdam/hisco/code/hisco/21110","24","89.18"
"https://iisg.amsterdam/resource/bdv/118551","https://iisg.amsterdam/hisco/code/hisco/21110","154","89.18"
"https://iisg.amsterdam/resource/bdv/120551","https://iisg.amsterdam/hisco/code/hisco/21110","56","89.18"
"https://iisg.amsterdam/resource/bdv/124251","https://iisg.amsterdam/hisco/code/hisco/21110","107","89.18"
"https://iisg.amsterdam/resource/bdv/125601","https://iisg.amsterdam/hisco/code/hisco/21110","81","89.18"
"https://iisg.amsterdam/resource/bdv/125901","https://iisg.amsterdam/hisco/code/hisco/21110","80","89.18"
"https://iisg.amsterdam/resource/bdv/126001","https://iisg.amsterdam/hisco/code/hisco/21110","123","89.18"
"https://iisg.amsterdam/resource/bdv/130101","https://iisg.amsterdam/hisco/code/hisco/21110","56","89.18"
"https://iisg.amsterdam/resource/bdv/130151","https://iisg.amsterdam/hisco/code/hisco/21110","78","89.18"
"https://iisg.amsterdam/resource/bdv/133051","https://iisg.amsterdam/hisco/code/hisco/21110","166","89.18"
"https://iisg.amsterdam/resource/bdv/133851","https://iisg.amsterdam/hisco/code/hisco/21110","79","89.18"
"https://iisg.amsterdam/resource/bdv/135151","https://iisg.amsterdam/hisco/code/hisco/21110","141","89.18"
"https://iisg.amsterdam/resource/bdv/135801","https://iisg.amsterdam/hisco/code/hisco/21110","89","89.18"
"https://iisg.amsterdam/resource/bdv/137051","https://iisg.amsterdam/hisco/code/hisco/21110","449","89.18"
"https://iisg.amsterdam/resource/bdv/138101","https://iisg.amsterdam/hisco/code/hisco/21110","58","89.18"
"https://iisg.amsterdam/resource/bdv/138451","https://iisg.amsterdam/hisco/code/hisco/21110","181","89.18"
"https://iisg.amsterdam/resource/bdv/110601","https://iisg.amsterdam/hisco/code/hisco/21240","42","70.91"
"https://iisg.amsterdam/resource/bdv/101001","https://iisg.amsterdam/hisco/code/hisco/22290","0","68.52"
"https://iisg.amsterdam/resource/bdv/105201","https://iisg.amsterdam/hisco/code/hisco/22290","112","68.52"
"https://iisg.amsterdam/resource/bdv/109101","https://iisg.amsterdam/hisco/code/hisco/22290","568","68.52"
"https://iisg.amsterdam/resource/bdv/109851","https://iisg.amsterdam/hisco/code/hisco/22290","244","68.52"
"https://iisg.amsterdam/resource/bdv/111401","https://iisg.amsterdam/hisco/code/hisco/22290","98","68.52"
"https://iisg.amsterdam/resource/bdv/117501","https://iisg.amsterdam/hisco/code/hisco/22290","288","68.52"
"https://iisg.amsterdam/resource/bdv/118751","https://iisg.amsterdam/hisco/code/hisco/22290","77","68.52"
"https://iisg.amsterdam/resource/bdv/134701","https://iisg.amsterdam/hisco/code/hisco/22290","69","68.52"
"https://iisg.amsterdam/resource/bdv/134751","https://iisg.amsterdam/hisco/code/hisco/22290","164","68.52"
"https://iisg.amsterdam/resource/bdv/136551","https://iisg.amsterdam/hisco/code/hisco/22290","146","68.52"
"https://iisg.amsterdam/resource/bdv/137501","https://iisg.amsterdam/hisco/code/hisco/22290","87","68.52"
"https://iisg.amsterdam/resource/bdv/137601","https://iisg.amsterdam/hisco/code/hisco/22290","114","68.52"
"https://iisg.amsterdam/resource/bdv/100251","https://iisg.amsterdam/hisco/code/hisco/30000","303","68.94"
"https://iisg.amsterdam/resource/bdv/102851","https://iisg.amsterdam/hisco/code/hisco/30000","42","68.94"
"https://iisg.amsterdam/resource/bdv/105551","https://iisg.amsterdam/hisco/code/hisco/30000","9","68.94"
"https://iisg.amsterdam/resource/bdv/107201","https://iisg.amsterdam/hisco/code/hisco/30000","217","68.94"
"https://iisg.amsterdam/resource/bdv/108051","https://iisg.amsterdam/hisco/code/hisco/30000","35","68.94"
"https://iisg.amsterdam/resource/bdv/108101","https://iisg.amsterdam/hisco/code/hisco/30000","84","68.94"
"https://iisg.amsterdam/resource/bdv/115251","https://iisg.amsterdam/hisco/code/hisco/30000","509","68.94"
"https://iisg.amsterdam/resource/bdv/115401","https://iisg.amsterdam/hisco/code/hisco/30000","126","68.94"
"https://iisg.amsterdam/resource/bdv/120501","https://iisg.amsterdam/hisco/code/hisco/30000","104","68.94"
"https://iisg.amsterdam/resource/bdv/121851","https://iisg.amsterdam/hisco/code/hisco/30000","339","68.94"
"https://iisg.amsterdam/resource/bdv/123551","https://iisg.amsterdam/hisco/code/hisco/30000","107","68.94"
"https://iisg.amsterdam/resource/bdv/125201","https://iisg.amsterdam/hisco/code/hisco/30000","125","68.94"
"https://iisg.amsterdam/resource/bdv/125251","https://iisg.amsterdam/hisco/code/hisco/30000","71","68.94"
"https://iisg.amsterdam/resource/bdv/128151","https://iisg.amsterdam/hisco/code/hisco/30000","199","68.94"
"https://iisg.amsterdam/resource/bdv/131351","https://iisg.amsterdam/hisco/code/hisco/30000","162","68.94"
"https://iisg.amsterdam/resource/bdv/132701","https://iisg.amsterdam/hisco/code/hisco/30000","157","68.94"
"https://iisg.amsterdam/resource/bdv/113351","https://iisg.amsterdam/hisco/code/hisco/31020","92","99"
"https://iisg.amsterdam/resource/bdv/104451","https://iisg.amsterdam/hisco/code/hisco/33110","74","72.94"
"https://iisg.amsterdam/resource/bdv/105351","https://iisg.amsterdam/hisco/code/hisco/33110","88","72.94"
"https://iisg.amsterdam/resource/bdv/126351","https://iisg.amsterdam/hisco/code/hisco/33110","101","72.94"
"https://iisg.amsterdam/resource/bdv/107151","https://iisg.amsterdam/hisco/code/hisco/33160","420","76.69"
"https://iisg.amsterdam/resource/bdv/109651","https://iisg.amsterdam/hisco/code/hisco/33160","180","76.69"
"https://iisg.amsterdam/resource/bdv/121901","https://iisg.amsterdam/hisco/code/hisco/33160","519","76.69"
"https://iisg.amsterdam/resource/bdv/135501","https://iisg.amsterdam/hisco/code/hisco/33160","184","76.69"
"https://iisg.amsterdam/resource/bdv/138151","https://iisg.amsterdam/hisco/code/hisco/33160","69","76.69"
"https://iisg.amsterdam/resource/bdv/107951","https://iisg.amsterdam/hisco/code/hisco/39310","62","64.97"
"https://iisg.amsterdam/resource/bdv/108801","https://iisg.amsterdam/hisco/code/hisco/39310","63","64.97"
"https://iisg.amsterdam/resource/bdv/114501","https://iisg.amsterdam/hisco/code/hisco/39310","96","64.97"
"https://iisg.amsterdam/resource/bdv/114651","https://iisg.amsterdam/hisco/code/hisco/39310","54","64.97"
"https://iisg.amsterdam/resource/bdv/120351","https://iisg.amsterdam/hisco/code/hisco/39310","202","64.97"
"https://iisg.amsterdam/resource/bdv/123701","https://iisg.amsterdam/hisco/code/hisco/39310","114","64.97"
"https://iisg.amsterdam/resource/bdv/100201","https://iisg.amsterdam/hisco/code/hisco/41025","312","65.73"
"https://iisg.amsterdam/resource/bdv/100401","https://iisg.amsterdam/hisco/code/hisco/41025","48","65.73"
"https://iisg.amsterdam/resource/bdv/100901","https://iisg.amsterdam/hisco/code/hisco/41025","24","65.73"
"https://iisg.amsterdam/resource/bdv/101201","https://iisg.amsterdam/hisco/code/hisco/41025","30","65.73"
"https://iisg.amsterdam/resource/bdv/101301","https://iisg.amsterdam/hisco/code/hisco/41025","109","65.73"
"https://iisg.amsterdam/resource/bdv/101351","https://iisg.amsterdam/hisco/code/hisco/41025","287","65.73"
"https://iisg.amsterdam/resource/bdv/101401","https://iisg.amsterdam/hisco/code/hisco/41025","68","65.73"
"https://iisg.amsterdam/resource/bdv/101451","https://iisg.amsterdam/hisco/code/hisco/41025","73","65.73"
"https://iisg.amsterdam/resource/bdv/101551","https://iisg.amsterdam/hisco/code/hisco/41025","182","65.73"
"https://iisg.amsterdam/resource/bdv/101601","https://iisg.amsterdam/hisco/code/hisco/41025","79","65.73"
"https://iisg.amsterdam/resource/bdv/101751","https://iisg.amsterdam/hisco/code/hisco/41025","246","65.73"
"https://iisg.amsterdam/resource/bdv/102501","https://iisg.amsterdam/hisco/code/hisco/41025","318","65.73"
"https://iisg.amsterdam/resource/bdv/102601","https://iisg.amsterdam/hisco/code/hisco/41025","139","65.73"
"https://iisg.amsterdam/resource/bdv/102651","https://iisg.amsterdam/hisco/code/hisco/41025","162","65.73"
"https://iisg.amsterdam/resource/bdv/102901","https://iisg.amsterdam/hisco/code/hisco/41025","265","65.73"
"https://iisg.amsterdam/resource/bdv/103251","https://iisg.amsterdam/hisco/code/hisco/41025","60","65.73"
"https://iisg.amsterdam/resource/bdv/103401","https://iisg.amsterdam/hisco/code/hisco/41025","99","65.73"
"https://iisg.amsterdam/resource/bdv/103501","https://iisg.amsterdam/hisco/code/hisco/41025","107","65.73"
"https://iisg.amsterdam/resource/bdv/104101","https://iisg.amsterdam/hisco/code/hisco/41025","107","65.73"
"https://iisg.amsterdam/resource/bdv/104351","https://iisg.amsterdam/hisco/code/hisco/41025","48","65.73"
"https://iisg.amsterdam/resource/bdv/104701","https://iisg.amsterdam/hisco/code/hisco/41025","51","65.73"
"https://iisg.amsterdam/resource/bdv/104751","https://iisg.amsterdam/hisco/code/hisco/41025","90","65.73"
"https://iisg.amsterdam/resource/bdv/104951","https://iisg.amsterdam/hisco/code/hisco/41025","160","65.73"
"https://iisg.amsterdam/resource/bdv/105451","https://iisg.amsterdam/hisco/code/hisco/41025","82","65.73"
"https://iisg.amsterdam/resource/bdv/105501","https://iisg.amsterdam/hisco/code/hisco/41025","360","65.73"
"https://iisg.amsterdam/resource/bdv/105801","https://iisg.amsterdam/hisco/code/hisco/41025","44","65.73"
"https://iisg.amsterdam/resource/bdv/106001","https://iisg.amsterdam/hisco/code/hisco/41025","85","65.73"
"https://iisg.amsterdam/resource/bdv/106251","https://iisg.amsterdam/hisco/code/hisco/41025","348","65.73"
"https://iisg.amsterdam/resource/bdv/106501","https://iisg.amsterdam/hisco/code/hisco/41025","49","65.73"
"https://iisg.amsterdam/resource/bdv/107051","https://iisg.amsterdam/hisco/code/hisco/41025","113","65.73"
"https://iisg.amsterdam/resource/bdv/107551","https://iisg.amsterdam/hisco/code/hisco/41025","120","65.73"
"https://iisg.amsterdam/resource/bdv/107601","https://iisg.amsterdam/hisco/code/hisco/41025","89","65.73"
"https://iisg.amsterdam/resource/bdv/107801","https://iisg.amsterdam/hisco/code/hisco/41025","196","65.73"
"https://iisg.amsterdam/resource/bdv/107901","https://iisg.amsterdam/hisco/code/hisco/41025","80","65.73"
"https://iisg.amsterdam/resource/bdv/108201","https://iisg.amsterdam/hisco/code/hisco/41025","69","65.73"
"https://iisg.amsterdam/resource/bdv/108551","https://iisg.amsterdam/hisco/code/hisco/41025","147","65.73"
"https://iisg.amsterdam/resource/bdv/109151","https://iisg.amsterdam/hisco/code/hisco/41025","53","65.73"
"https://iisg.amsterdam/resource/bdv/109301","https://iisg.amsterdam/hisco/code/hisco/41025","105","65.73"
"https://iisg.amsterdam/resource/bdv/109351","https://iisg.amsterdam/hisco/code/hisco/41025","72","65.73"
"https://iisg.amsterdam/resource/bdv/110201","https://iisg.amsterdam/hisco/code/hisco/41025","280","65.73"
"https://iisg.amsterdam/resource/bdv/110251","https://iisg.amsterdam/hisco/code/hisco/41025","0","65.73"
"https://iisg.amsterdam/resource/bdv/110801","https://iisg.amsterdam/hisco/code/hisco/41025","61","65.73"
"https://iisg.amsterdam/resource/bdv/111201","https://iisg.amsterdam/hisco/code/hisco/41025","28","65.73"
"https://iisg.amsterdam/resource/bdv/111351","https://iisg.amsterdam/hisco/code/hisco/41025","100","65.73"
"https://iisg.amsterdam/resource/bdv/111751","https://iisg.amsterdam/hisco/code/hisco/41025","77","65.73"
"https://iisg.amsterdam/resource/bdv/112251","https://iisg.amsterdam/hisco/code/hisco/41025","9","65.73"
"https://iisg.amsterdam/resource/bdv/112301","https://iisg.amsterdam/hisco/code/hisco/41025","36","65.73"
"https://iisg.amsterdam/resource/bdv/112551","https://iisg.amsterdam/hisco/code/hisco/41025","240","65.73"
"https://iisg.amsterdam/resource/bdv/112901","https://iisg.amsterdam/hisco/code/hisco/41025","57","65.73"
"https://iisg.amsterdam/resource/bdv/113051","https://iisg.amsterdam/hisco/code/hisco/41025","49","65.73"
"https://iisg.amsterdam/resource/bdv/113201","https://iisg.amsterdam/hisco/code/hisco/41025","406","65.73"
"https://iisg.amsterdam/resource/bdv/113401","https://iisg.amsterdam/hisco/code/hisco/41025","171","65.73"
"https://iisg.amsterdam/resource/bdv/113601","https://iisg.amsterdam/hisco/code/hisco/41025","120","65.73"
"https://iisg.amsterdam/resource/bdv/113651","https://iisg.amsterdam/hisco/code/hisco/41025","90","65.73"
"https://iisg.amsterdam/resource/bdv/113801","https://iisg.amsterdam/hisco/code/hisco/41025","158","65.73"
"https://iisg.amsterdam/resource/bdv/115501","https://iisg.amsterdam/hisco/code/hisco/41025","83","65.73"
"https://iisg.amsterdam/resource/bdv/116051","https://iisg.amsterdam/hisco/code/hisco/41025","62","65.73"
"https://iisg.amsterdam/resource/bdv/116101","https://iisg.amsterdam/hisco/code/hisco/41025","559","65.73"
"https://iisg.amsterdam/resource/bdv/116251","https://iisg.amsterdam/hisco/code/hisco/41025","175","65.73"
"https://iisg.amsterdam/resource/bdv/116551","https://iisg.amsterdam/hisco/code/hisco/41025","76","65.73"
"https://iisg.amsterdam/resource/bdv/116701","https://iisg.amsterdam/hisco/code/hisco/41025","137","65.73"
"https://iisg.amsterdam/resource/bdv/116851","https://iisg.amsterdam/hisco/code/hisco/41025","30","65.73"
"https://iisg.amsterdam/resource/bdv/117401","https://iisg.amsterdam/hisco/code/hisco/41025","90","65.73"
"https://iisg.amsterdam/resource/bdv/117551","https://iisg.amsterdam/hisco/code/hisco/41025","64","65.73"
"https://iisg.amsterdam/resource/bdv/117601","https://iisg.amsterdam/hisco/code/hisco/41025","172","65.73"
"https://iisg.amsterdam/resource/bdv/117751","https://iisg.amsterdam/hisco/code/hisco/41025","33","65.73"
"https://iisg.amsterdam/resource/bdv/118051","https://iisg.amsterdam/hisco/code/hisco/41025","0","65.73"
"https://iisg.amsterdam/resource/bdv/118251","https://iisg.amsterdam/hisco/code/hisco/41025","92","65.73"
"https://iisg.amsterdam/resource/bdv/118401","https://iisg.amsterdam/hisco/code/hisco/41025","160","65.73"
"https://iisg.amsterdam/resource/bdv/118651","https://iisg.amsterdam/hisco/code/hisco/41025","90","65.73"
"https://iisg.amsterdam/resource/bdv/118701","https://iisg.amsterdam/hisco/code/hisco/41025","106","65.73"
"https://iisg.amsterdam/resource/bdv/118901","https://iisg.amsterdam/hisco/code/hisco/41025","201","65.73"
"https://iisg.amsterdam/resource/bdv/119101","https://iisg.amsterdam/hisco/code/hisco/41025","50","65.73"
"https://iisg.amsterdam/resource/bdv/119351","https://iisg.amsterdam/hisco/code/hisco/41025","196","65.73"
"https://iisg.amsterdam/resource/bdv/119601","https://iisg.amsterdam/hisco/code/hisco/41025","388","65.73"
"https://iisg.amsterdam/resource/bdv/119851","https://iisg.amsterdam/hisco/code/hisco/41025","126","65.73"
"https://iisg.amsterdam/resource/bdv/120101","https://iisg.amsterdam/hisco/code/hisco/41025","540","65.73"
"https://iisg.amsterdam/resource/bdv/120151","https://iisg.amsterdam/hisco/code/hisco/41025","65","65.73"
"https://iisg.amsterdam/resource/bdv/120401","https://iisg.amsterdam/hisco/code/hisco/41025","126","65.73"
"https://iisg.amsterdam/resource/bdv/120451","https://iisg.amsterdam/hisco/code/hisco/41025","225","65.73"
"https://iisg.amsterdam/resource/bdv/121201","https://iisg.amsterdam/hisco/code/hisco/41025","84","65.73"
"https://iisg.amsterdam/resource/bdv/121601","https://iisg.amsterdam/hisco/code/hisco/41025","111","65.73"
"https://iisg.amsterdam/resource/bdv/121651","https://iisg.amsterdam/hisco/code/hisco/41025","207","65.73"
"https://iisg.amsterdam/resource/bdv/121751","https://iisg.amsterdam/hisco/code/hisco/41025","39","65.73"
"https://iisg.amsterdam/resource/bdv/121951","https://iisg.amsterdam/hisco/code/hisco/41025","61","65.73"
"https://iisg.amsterdam/resource/bdv/122151","https://iisg.amsterdam/hisco/code/hisco/41025","140","65.73"
"https://iisg.amsterdam/resource/bdv/122251","https://iisg.amsterdam/hisco/code/hisco/41025","144","65.73"
"https://iisg.amsterdam/resource/bdv/122301","https://iisg.amsterdam/hisco/code/hisco/41025","97","65.73"
"https://iisg.amsterdam/resource/bdv/122451","https://iisg.amsterdam/hisco/code/hisco/41025","68","65.73"
"https://iisg.amsterdam/resource/bdv/122601","https://iisg.amsterdam/hisco/code/hisco/41025","99","65.73"
"https://iisg.amsterdam/resource/bdv/122751","https://iisg.amsterdam/hisco/code/hisco/41025","338","65.73"
"https://iisg.amsterdam/resource/bdv/122901","https://iisg.amsterdam/hisco/code/hisco/41025","160","65.73"
"https://iisg.amsterdam/resource/bdv/122951","https://iisg.amsterdam/hisco/code/hisco/41025","201","65.73"
"https://iisg.amsterdam/resource/bdv/123601","https://iisg.amsterdam/hisco/code/hisco/41025","297","65.73"
"https://iisg.amsterdam/resource/bdv/123751","https://iisg.amsterdam/hisco/code/hisco/41025","64","65.73"
"https://iisg.amsterdam/resource/bdv/123801","https://iisg.amsterdam/hisco/code/hisco/41025","68","65.73"
"https://iisg.amsterdam/resource/bdv/124101","https://iisg.amsterdam/hisco/code/hisco/41025","77","65.73"
"https://iisg.amsterdam/resource/bdv/124151","https://iisg.amsterdam/hisco/code/hisco/41025","91","65.73"
"https://iisg.amsterdam/resource/bdv/124201","https://iisg.amsterdam/hisco/code/hisco/41025","160","65.73"
"https://iisg.amsterdam/resource/bdv/124401","https://iisg.amsterdam/hisco/code/hisco/41025","101","65.73"
"https://iisg.amsterdam/resource/bdv/124501","https://iisg.amsterdam/hisco/code/hisco/41025","224","65.73"
"https://iisg.amsterdam/resource/bdv/124601","https://iisg.amsterdam/hisco/code/hisco/41025","215","65.73"
"https://iisg.amsterdam/resource/bdv/124951","https://iisg.amsterdam/hisco/code/hisco/41025","132","65.73"
"https://iisg.amsterdam/resource/bdv/125151","https://iisg.amsterdam/hisco/code/hisco/41025","86","65.73"
"https://iisg.amsterdam/resource/bdv/125651","https://iisg.amsterdam/hisco/code/hisco/41025","112","65.73"
"https://iisg.amsterdam/resource/bdv/126101","https://iisg.amsterdam/hisco/code/hisco/41025","574","65.73"
"https://iisg.amsterdam/resource/bdv/126301","https://iisg.amsterdam/hisco/code/hisco/41025","20","65.73"
"https://iisg.amsterdam/resource/bdv/126401","https://iisg.amsterdam/hisco/code/hisco/41025","1150","65.73"
"https://iisg.amsterdam/resource/bdv/126801","https://iisg.amsterdam/hisco/code/hisco/41025","94","65.73"
"https://iisg.amsterdam/resource/bdv/126901","https://iisg.amsterdam/hisco/code/hisco/41025","179","65.73"
"https://iisg.amsterdam/resource/bdv/126951","https://iisg.amsterdam/hisco/code/hisco/41025","30","65.73"
"https://iisg.amsterdam/resource/bdv/127051","https://iisg.amsterdam/hisco/code/hisco/41025","36","65.73"
"https://iisg.amsterdam/resource/bdv/127501","https://iisg.amsterdam/hisco/code/hisco/41025","119","65.73"
"https://iisg.amsterdam/resource/bdv/128501","https://iisg.amsterdam/hisco/code/hisco/41025","60","65.73"
"https://iisg.amsterdam/resource/bdv/128801","https://iisg.amsterdam/hisco/code/hisco/41025","197","65.73"
"https://iisg.amsterdam/resource/bdv/128851","https://iisg.amsterdam/hisco/code/hisco/41025","74","65.73"
"https://iisg.amsterdam/resource/bdv/129051","https://iisg.amsterdam/hisco/code/hisco/41025","53","65.73"
"https://iisg.amsterdam/resource/bdv/129101","https://iisg.amsterdam/hisco/code/hisco/41025","86","65.73"
"https://iisg.amsterdam/resource/bdv/129201","https://iisg.amsterdam/hisco/code/hisco/41025","77","65.73"
"https://iisg.amsterdam/resource/bdv/129301","https://iisg.amsterdam/hisco/code/hisco/41025","61","65.73"
"https://iisg.amsterdam/resource/bdv/129401","https://iisg.amsterdam/hisco/code/hisco/41025","38","65.73"
"https://iisg.amsterdam/resource/bdv/130251","https://iisg.amsterdam/hisco/code/hisco/41025","277","65.73"
"https://iisg.amsterdam/resource/bdv/130501","https://iisg.amsterdam/hisco/code/hisco/41025","87","65.73"
"https://iisg.amsterdam/resource/bdv/130551","https://iisg.amsterdam/hisco/code/hisco/41025","155","65.73"
"https://iisg.amsterdam/resource/bdv/130801","https://iisg.amsterdam/hisco/code/hisco/41025","169","65.73"
"https://iisg.amsterdam/resource/bdv/130851","https://iisg.amsterdam/hisco/code/hisco/41025","115","65.73"
"https://iisg.amsterdam/resource/bdv/130951","https://iisg.amsterdam/hisco/code/hisco/41025","131","65.73"
"https://iisg.amsterdam/resource/bdv/131001","https://iisg.amsterdam/hisco/code/hisco/41025","145","65.73"
"https://iisg.amsterdam/resource/bdv/131101","https://iisg.amsterdam/hisco/code/hisco/41025","71","65.73"
"https://iisg.amsterdam/resource/bdv/131251","https://iisg.amsterdam/hisco/code/hisco/41025","130","65.73"
"https://iisg.amsterdam/resource/bdv/131401","https://iisg.amsterdam/hisco/code/hisco/41025","24","65.73"
"https://iisg.amsterdam/resource/bdv/131451","https://iisg.amsterdam/hisco/code/hisco/41025","304","65.73"
"https://iisg.amsterdam/resource/bdv/131551","https://iisg.amsterdam/hisco/code/hisco/41025","140","65.73"
"https://iisg.amsterdam/resource/bdv/131601","https://iisg.amsterdam/hisco/code/hisco/41025","151","65.73"
"https://iisg.amsterdam/resource/bdv/131801","https://iisg.amsterdam/hisco/code/hisco/41025","232","65.73"
"https://iisg.amsterdam/resource/bdv/131851","https://iisg.amsterdam/hisco/code/hisco/41025","137","65.73"
"https://iisg.amsterdam/resource/bdv/132001","https://iisg.amsterdam/hisco/code/hisco/41025","180","65.73"
"https://iisg.amsterdam/resource/bdv/132201","https://iisg.amsterdam/hisco/code/hisco/41025","27","65.73"
"https://iisg.amsterdam/resource/bdv/132501","https://iisg.amsterdam/hisco/code/hisco/41025","45","65.73"
"https://iisg.amsterdam/resource/bdv/132901","https://iisg.amsterdam/hisco/code/hisco/41025","37","65.73"
"https://iisg.amsterdam/resource/bdv/133451","https://iisg.amsterdam/hisco/code/hisco/41025","70","65.73"
"https://iisg.amsterdam/resource/bdv/133501","https://iisg.amsterdam/hisco/code/hisco/41025","88","65.73"
"https://iisg.amsterdam/resource/bdv/133801","https://iisg.amsterdam/hisco/code/hisco/41025","361","65.73"
"https://iisg.amsterdam/resource/bdv/134301","https://iisg.amsterdam/hisco/code/hisco/41025","43","65.73"
"https://iisg.amsterdam/resource/bdv/134901","https://iisg.amsterdam/hisco/code/hisco/41025","147","65.73"
"https://iisg.amsterdam/resource/bdv/135101","https://iisg.amsterdam/hisco/code/hisco/41025","274","65.73"
"https://iisg.amsterdam/resource/bdv/135351","https://iisg.amsterdam/hisco/code/hisco/41025","123","65.73"
"https://iisg.amsterdam/resource/bdv/135551","https://iisg.amsterdam/hisco/code/hisco/41025","64","65.73"
"https://iisg.amsterdam/resource/bdv/135701","https://iisg.amsterdam/hisco/code/hisco/41025","74","65.73"
"https://iisg.amsterdam/resource/bdv/135901","https://iisg.amsterdam/hisco/code/hisco/41025","81","65.73"
"https://iisg.amsterdam/resource/bdv/136051","https://iisg.amsterdam/hisco/code/hisco/41025","20","65.73"
"https://iisg.amsterdam/resource/bdv/136201","https://iisg.amsterdam/hisco/code/hisco/41025","152","65.73"
"https://iisg.amsterdam/resource/bdv/136451","https://iisg.amsterdam/hisco/code/hisco/41025","212","65.73"
"https://iisg.amsterdam/resource/bdv/136701","https://iisg.amsterdam/hisco/code/hisco/41025","139","65.73"
"https://iisg.amsterdam/resource/bdv/137201","https://iisg.amsterdam/hisco/code/hisco/41025","133","65.73"
"https://iisg.amsterdam/resource/bdv/137301","https://iisg.amsterdam/hisco/code/hisco/41025","164","65.73"
"https://iisg.amsterdam/resource/bdv/137401","https://iisg.amsterdam/hisco/code/hisco/41025","66","65.73"
"https://iisg.amsterdam/resource/bdv/137851","https://iisg.amsterdam/hisco/code/hisco/41025","549","65.73"
"https://iisg.amsterdam/resource/bdv/137951","https://iisg.amsterdam/hisco/code/hisco/41025","509","65.73"
"https://iisg.amsterdam/resource/bdv/138351","https://iisg.amsterdam/hisco/code/hisco/41025","48","65.73"
"https://iisg.amsterdam/resource/bdv/138501","https://iisg.amsterdam/hisco/code/hisco/41025","73","65.73"
"https://iisg.amsterdam/resource/bdv/100301","https://iisg.amsterdam/hisco/code/hisco/41030","92","63.22"
"https://iisg.amsterdam/resource/bdv/102251","https://iisg.amsterdam/hisco/code/hisco/41030","84","63.22"
"https://iisg.amsterdam/resource/bdv/102301","https://iisg.amsterdam/hisco/code/hisco/41030","46","63.22"
"https://iisg.amsterdam/resource/bdv/103801","https://iisg.amsterdam/hisco/code/hisco/41030","65","63.22"
"https://iisg.amsterdam/resource/bdv/104301","https://iisg.amsterdam/hisco/code/hisco/41030","124","63.22"
"https://iisg.amsterdam/resource/bdv/105101","https://iisg.amsterdam/hisco/code/hisco/41030","49","63.22"
"https://iisg.amsterdam/resource/bdv/105151","https://iisg.amsterdam/hisco/code/hisco/41030","84","63.22"
"https://iisg.amsterdam/resource/bdv/105751","https://iisg.amsterdam/hisco/code/hisco/41030","12","63.22"
"https://iisg.amsterdam/resource/bdv/105851","https://iisg.amsterdam/hisco/code/hisco/41030","55","63.22"
"https://iisg.amsterdam/resource/bdv/106701","https://iisg.amsterdam/hisco/code/hisco/41030","118","63.22"
"https://iisg.amsterdam/resource/bdv/108701","https://iisg.amsterdam/hisco/code/hisco/41030","64","63.22"
"https://iisg.amsterdam/resource/bdv/110401","https://iisg.amsterdam/hisco/code/hisco/41030","173","63.22"
"https://iisg.amsterdam/resource/bdv/110501","https://iisg.amsterdam/hisco/code/hisco/41030","129","63.22"
"https://iisg.amsterdam/resource/bdv/111301","https://iisg.amsterdam/hisco/code/hisco/41030","42","63.22"
"https://iisg.amsterdam/resource/bdv/111451","https://iisg.amsterdam/hisco/code/hisco/41030","50","63.22"
"https://iisg.amsterdam/resource/bdv/112351","https://iisg.amsterdam/hisco/code/hisco/41030","44","63.22"
"https://iisg.amsterdam/resource/bdv/113151","https://iisg.amsterdam/hisco/code/hisco/41030","114","63.22"
"https://iisg.amsterdam/resource/bdv/113851","https://iisg.amsterdam/hisco/code/hisco/41030","47","63.22"
"https://iisg.amsterdam/resource/bdv/113951","https://iisg.amsterdam/hisco/code/hisco/41030","69","63.22"
"https://iisg.amsterdam/resource/bdv/114351","https://iisg.amsterdam/hisco/code/hisco/41030","97","63.22"
"https://iisg.amsterdam/resource/bdv/114601","https://iisg.amsterdam/hisco/code/hisco/41030","77","63.22"
"https://iisg.amsterdam/resource/bdv/114901","https://iisg.amsterdam/hisco/code/hisco/41030","80","63.22"
"https://iisg.amsterdam/resource/bdv/115001","https://iisg.amsterdam/hisco/code/hisco/41030","70","63.22"
"https://iisg.amsterdam/resource/bdv/115801","https://iisg.amsterdam/hisco/code/hisco/41030","209","63.22"
"https://iisg.amsterdam/resource/bdv/116351","https://iisg.amsterdam/hisco/code/hisco/41030","158","63.22"
"https://iisg.amsterdam/resource/bdv/117901","https://iisg.amsterdam/hisco/code/hisco/41030","35","63.22"
"https://iisg.amsterdam/resource/bdv/118201","https://iisg.amsterdam/hisco/code/hisco/41030","90","63.22"
"https://iisg.amsterdam/resource/bdv/118601","https://iisg.amsterdam/hisco/code/hisco/41030","106","63.22"
"https://iisg.amsterdam/resource/bdv/119001","https://iisg.amsterdam/hisco/code/hisco/41030","106","63.22"
"https://iisg.amsterdam/resource/bdv/120701","https://iisg.amsterdam/hisco/code/hisco/41030","52","63.22"
"https://iisg.amsterdam/resource/bdv/121001","https://iisg.amsterdam/hisco/code/hisco/41030","52","63.22"
"https://iisg.amsterdam/resource/bdv/122551","https://iisg.amsterdam/hisco/code/hisco/41030","60","63.22"
"https://iisg.amsterdam/resource/bdv/122851","https://iisg.amsterdam/hisco/code/hisco/41030","36","63.22"
"https://iisg.amsterdam/resource/bdv/123201","https://iisg.amsterdam/hisco/code/hisco/41030","64","63.22"
"https://iisg.amsterdam/resource/bdv/123901","https://iisg.amsterdam/hisco/code/hisco/41030","0","63.22"
"https://iisg.amsterdam/resource/bdv/124451","https://iisg.amsterdam/hisco/code/hisco/41030","95","63.22"
"https://iisg.amsterdam/resource/bdv/125751","https://iisg.amsterdam/hisco/code/hisco/41030","52","63.22"
"https://iisg.amsterdam/resource/bdv/127301","https://iisg.amsterdam/hisco/code/hisco/41030","127","63.22"
"https://iisg.amsterdam/resource/bdv/128201","https://iisg.amsterdam/hisco/code/hisco/41030","72","63.22"
"https://iisg.amsterdam/resource/bdv/128351","https://iisg.amsterdam/hisco/code/hisco/41030","54","63.22"
"https://iisg.amsterdam/resource/bdv/128401","https://iisg.amsterdam/hisco/code/hisco/41030","115","63.22"
"https://iisg.amsterdam/resource/bdv/128601","https://iisg.amsterdam/hisco/code/hisco/41030","65","63.22"
"https://iisg.amsterdam/resource/bdv/130001","https://iisg.amsterdam/hisco/code/hisco/41030","87","63.22"
"https://iisg.amsterdam/resource/bdv/133251","https://iisg.amsterdam/hisco/code/hisco/41030","68","63.22"
"https://iisg.amsterdam/resource/bdv/135051","https://iisg.amsterdam/hisco/code/hisco/41030","81","63.22"
"https://iisg.amsterdam/resource/bdv/136001","https://iisg.amsterdam/hisco/code/hisco/41030","75","63.22"
"https://iisg.amsterdam/resource/bdv/136901","https://iisg.amsterdam/hisco/code/hisco/41030","58","63.22"
"https://iisg.amsterdam/resource/bdv/101701","https://iisg.amsterdam/hisco/code/hisco/42230","48","71.23"
"https://iisg.amsterdam/resource/bdv/102001","https://iisg.amsterdam/hisco/code/hisco/42230","152","71.23"
"https://iisg.amsterdam/resource/bdv/102401","https://iisg.amsterdam/hisco/code/hisco/42230","242","71.23"
"https://iisg.amsterdam/resource/bdv/103651","https://iisg.amsterdam/hisco/code/hisco/42230","202","71.23"
"https://iisg.amsterdam/resource/bdv/103951","https://iisg.amsterdam/hisco/code/hisco/42230","467","71.23"
"https://iisg.amsterdam/resource/bdv/105001","https://iisg.amsterdam/hisco/code/hisco/42230","146","71.23"
"https://iisg.amsterdam/resource/bdv/105051","https://iisg.amsterdam/hisco/code/hisco/42230","328","71.23"
"https://iisg.amsterdam/resource/bdv/105651","https://iisg.amsterdam/hisco/code/hisco/42230","229","71.23"
"https://iisg.amsterdam/resource/bdv/106101","https://iisg.amsterdam/hisco/code/hisco/42230","165","71.23"
"https://iisg.amsterdam/resource/bdv/106801","https://iisg.amsterdam/hisco/code/hisco/42230","183","71.23"
"https://iisg.amsterdam/resource/bdv/107251","https://iisg.amsterdam/hisco/code/hisco/42230","209","71.23"
"https://iisg.amsterdam/resource/bdv/107701","https://iisg.amsterdam/hisco/code/hisco/42230","144","71.23"
"https://iisg.amsterdam/resource/bdv/108751","https://iisg.amsterdam/hisco/code/hisco/42230","81","71.23"
"https://iisg.amsterdam/resource/bdv/108901","https://iisg.amsterdam/hisco/code/hisco/42230","201","71.23"
"https://iisg.amsterdam/resource/bdv/109601","https://iisg.amsterdam/hisco/code/hisco/42230","183","71.23"
"https://iisg.amsterdam/resource/bdv/110001","https://iisg.amsterdam/hisco/code/hisco/42230","107","71.23"
"https://iisg.amsterdam/resource/bdv/111651","https://iisg.amsterdam/hisco/code/hisco/42230","316","71.23"
"https://iisg.amsterdam/resource/bdv/114151","https://iisg.amsterdam/hisco/code/hisco/42230","150","71.23"
"https://iisg.amsterdam/resource/bdv/115051","https://iisg.amsterdam/hisco/code/hisco/42230","149","71.23"
"https://iisg.amsterdam/resource/bdv/115351","https://iisg.amsterdam/hisco/code/hisco/42230","88","71.23"
"https://iisg.amsterdam/resource/bdv/117101","https://iisg.amsterdam/hisco/code/hisco/42230","110","71.23"
"https://iisg.amsterdam/resource/bdv/117151","https://iisg.amsterdam/hisco/code/hisco/42230","208","71.23"
"https://iisg.amsterdam/resource/bdv/118501","https://iisg.amsterdam/hisco/code/hisco/42230","47","71.23"
"https://iisg.amsterdam/resource/bdv/120051","https://iisg.amsterdam/hisco/code/hisco/42230","78","71.23"
"https://iisg.amsterdam/resource/bdv/120801","https://iisg.amsterdam/hisco/code/hisco/42230","90","71.23"
"https://iisg.amsterdam/resource/bdv/121351","https://iisg.amsterdam/hisco/code/hisco/42230","114","71.23"
"https://iisg.amsterdam/resource/bdv/125951","https://iisg.amsterdam/hisco/code/hisco/42230","311","71.23"
"https://iisg.amsterdam/resource/bdv/126851","https://iisg.amsterdam/hisco/code/hisco/42230","62","71.23"
"https://iisg.amsterdam/resource/bdv/127101","https://iisg.amsterdam/hisco/code/hisco/42230","135","71.23"
"https://iisg.amsterdam/resource/bdv/127651","https://iisg.amsterdam/hisco/code/hisco/42230","110","71.23"
"https://iisg.amsterdam/resource/bdv/129701","https://iisg.amsterdam/hisco/code/hisco/42230","124","71.23"
"https://iisg.amsterdam/resource/bdv/130051","https://iisg.amsterdam/hisco/code/hisco/42230","191","71.23"
"https://iisg.amsterdam/resource/bdv/130701","https://iisg.amsterdam/hisco/code/hisco/42230","162","71.23"
"https://iisg.amsterdam/resource/bdv/130901","https://iisg.amsterdam/hisco/code/hisco/42230","69","71.23"
"https://iisg.amsterdam/resource/bdv/134101","https://iisg.amsterdam/hisco/code/hisco/42230","69","71.23"
"https://iisg.amsterdam/resource/bdv/134351","https://iisg.amsterdam/hisco/code/hisco/42230","82","71.23"
"https://iisg.amsterdam/resource/bdv/137151","https://iisg.amsterdam/hisco/code/hisco/42230","51","71.23"
"https://iisg.amsterdam/resource/bdv/137551","https://iisg.amsterdam/hisco/code/hisco/42230","119","71.23"
"https://iisg.amsterdam/resource/bdv/138001","https://iisg.amsterdam/hisco/code/hisco/42230","290","71.23"
"https://iisg.amsterdam/resource/bdv/124051","https://iisg.amsterdam/hisco/code/hisco/43220","31","67.27"
"https://iisg.amsterdam/resource/bdv/103351","https://iisg.amsterdam/hisco/code/hisco/44100","174","73.58"
"https://iisg.amsterdam/resource/bdv/104801","https://iisg.amsterdam/hisco/code/hisco/44100","93","73.58"
"https://iisg.amsterdam/resource/bdv/105901","https://iisg.amsterdam/hisco/code/hisco/44100","299","73.58"
"https://iisg.amsterdam/resource/bdv/108151","https://iisg.amsterdam/hisco/code/hisco/44100","128","73.58"
"https://iisg.amsterdam/resource/bdv/108351","https://iisg.amsterdam/hisco/code/hisco/44100","140","73.58"
"https://iisg.amsterdam/resource/bdv/110151","https://iisg.amsterdam/hisco/code/hisco/44100","88","73.58"
"https://iisg.amsterdam/resource/bdv/110701","https://iisg.amsterdam/hisco/code/hisco/44100","89","73.58"
"https://iisg.amsterdam/resource/bdv/111151","https://iisg.amsterdam/hisco/code/hisco/44100","0","73.58"
"https://iisg.amsterdam/resource/bdv/112501","https://iisg.amsterdam/hisco/code/hisco/44100","0","73.58"
"https://iisg.amsterdam/resource/bdv/113001","https://iisg.amsterdam/hisco/code/hisco/44100","168","73.58"
"https://iisg.amsterdam/resource/bdv/113101","https://iisg.amsterdam/hisco/code/hisco/44100","73","73.58"
"https://iisg.amsterdam/resource/bdv/116201","https://iisg.amsterdam/hisco/code/hisco/44100","183","73.58"
"https://iisg.amsterdam/resource/bdv/116801","https://iisg.amsterdam/hisco/code/hisco/44100","224","73.58"
"https://iisg.amsterdam/resource/bdv/117001","https://iisg.amsterdam/hisco/code/hisco/44100","166","73.58"
"https://iisg.amsterdam/resource/bdv/118101","https://iisg.amsterdam/hisco/code/hisco/44100","135","73.58"
"https://iisg.amsterdam/resource/bdv/118351","https://iisg.amsterdam/hisco/code/hisco/44100","108","73.58"
"https://iisg.amsterdam/resource/bdv/120751","https://iisg.amsterdam/hisco/code/hisco/44100","126","73.58"
"https://iisg.amsterdam/resource/bdv/122401","https://iisg.amsterdam/hisco/code/hisco/44100","143","73.58"
"https://iisg.amsterdam/resource/bdv/124351","https://iisg.amsterdam/hisco/code/hisco/44100","171","73.58"
"https://iisg.amsterdam/resource/bdv/125401","https://iisg.amsterdam/hisco/code/hisco/44100","36","73.58"
"https://iisg.amsterdam/resource/bdv/127551","https://iisg.amsterdam/hisco/code/hisco/44100","259","73.58"
"https://iisg.amsterdam/resource/bdv/127701","https://iisg.amsterdam/hisco/code/hisco/44100","148","73.58"
"https://iisg.amsterdam/resource/bdv/127901","https://iisg.amsterdam/hisco/code/hisco/44100","69","73.58"
"https://iisg.amsterdam/resource/bdv/129601","https://iisg.amsterdam/hisco/code/hisco/44100","176","73.58"
"https://iisg.amsterdam/resource/bdv/129901","https://iisg.amsterdam/hisco/code/hisco/44100","140","73.58"
"https://iisg.amsterdam/resource/bdv/131201","https://iisg.amsterdam/hisco/code/hisco/44100","109","73.58"
"https://iisg.amsterdam/resource/bdv/131701","https://iisg.amsterdam/hisco/code/hisco/44100","99","73.58"
"https://iisg.amsterdam/resource/bdv/132151","https://iisg.amsterdam/hisco/code/hisco/44100","89","73.58"
"https://iisg.amsterdam/resource/bdv/133601","https://iisg.amsterdam/hisco/code/hisco/44100","192","73.58"
"https://iisg.amsterdam/resource/bdv/134201","https://iisg.amsterdam/hisco/code/hisco/44100","213","73.58"
"https://iisg.amsterdam/resource/bdv/134401","https://iisg.amsterdam/hisco/code/hisco/44100","134","73.58"
"https://iisg.amsterdam/resource/bdv/135601","https://iisg.amsterdam/hisco/code/hisco/44100","190","73.58"
"https://iisg.amsterdam/resource/bdv/135751","https://iisg.amsterdam/hisco/code/hisco/44100","157","73.58"
"https://iisg.amsterdam/resource/bdv/136101","https://iisg.amsterdam/hisco/code/hisco/44100","206","73.58"
"https://iisg.amsterdam/resource/bdv/137351","https://iisg.amsterdam/hisco/code/hisco/44100","150","73.58"
"https://iisg.amsterdam/resource/bdv/138301","https://iisg.amsterdam/hisco/code/hisco/44100","309","73.58"
"https://iisg.amsterdam/resource/bdv/101851","https://iisg.amsterdam/hisco/code/hisco/44120","259","71.65"
"https://iisg.amsterdam/resource/bdv/103301","https://iisg.amsterdam/hisco/code/hisco/44120","201","71.65"
"https://iisg.amsterdam/resource/bdv/104051","https://iisg.amsterdam/hisco/code/hisco/44120","265","71.65"
"https://iisg.amsterdam/resource/bdv/106651","https://iisg.amsterdam/hisco/code/hisco/44120","175","71.65"
"https://iisg.amsterdam/resource/bdv/117051","https://iisg.amsterdam/hisco/code/hisco/44120","193","71.65"
"https://iisg.amsterdam/resource/bdv/117701","https://iisg.amsterdam/hisco/code/hisco/44120","604","71.65"
"https://iisg.amsterdam/resource/bdv/118951","https://iisg.amsterdam/hisco/code/hisco/44120","153","71.65"
"https://iisg.amsterdam/resource/bdv/120951","https://iisg.amsterdam/hisco/code/hisco/44120","191","71.65"
"https://iisg.amsterdam/resource/bdv/122201","https://iisg.amsterdam/hisco/code/hisco/44120","280","71.65"
"https://iisg.amsterdam/resource/bdv/128751","https://iisg.amsterdam/hisco/code/hisco/44120","733","71.65"
"https://iisg.amsterdam/resource/bdv/132251","https://iisg.amsterdam/hisco/code/hisco/44120","177","71.65"
"https://iisg.amsterdam/resource/bdv/133701","https://iisg.amsterdam/hisco/code/hisco/44120","44","71.65"
"https://iisg.amsterdam/resource/bdv/138551","https://iisg.amsterdam/hisco/code/hisco/44120","269","71.65"
"https://iisg.amsterdam/resource/bdv/100151","https://iisg.amsterdam/hisco/code/hisco/44140","90","83.37"
"https://iisg.amsterdam/resource/bdv/105301","https://iisg.amsterdam/hisco/code/hisco/44140","190","83.37"
"https://iisg.amsterdam/resource/bdv/106151","https://iisg.amsterdam/hisco/code/hisco/44140","127","83.37"
"https://iisg.amsterdam/resource/bdv/109451","https://iisg.amsterdam/hisco/code/hisco/44140","104","83.37"
"https://iisg.amsterdam/resource/bdv/110051","https://iisg.amsterdam/hisco/code/hisco/44140","57","83.37"
"https://iisg.amsterdam/resource/bdv/112101","https://iisg.amsterdam/hisco/code/hisco/44140","275","83.37"
"https://iisg.amsterdam/resource/bdv/114051","https://iisg.amsterdam/hisco/code/hisco/44140","171","83.37"
"https://iisg.amsterdam/resource/bdv/114951","https://iisg.amsterdam/hisco/code/hisco/44140","151","83.37"
"https://iisg.amsterdam/resource/bdv/116151","https://iisg.amsterdam/hisco/code/hisco/44140","46","83.37"
"https://iisg.amsterdam/resource/bdv/116901","https://iisg.amsterdam/hisco/code/hisco/44140","349","83.37"
"https://iisg.amsterdam/resource/bdv/117301","https://iisg.amsterdam/hisco/code/hisco/44140","211","83.37"
"https://iisg.amsterdam/resource/bdv/119501","https://iisg.amsterdam/hisco/code/hisco/44140","267","83.37"
"https://iisg.amsterdam/resource/bdv/119751","https://iisg.amsterdam/hisco/code/hisco/44140","176","83.37"
"https://iisg.amsterdam/resource/bdv/123851","https://iisg.amsterdam/hisco/code/hisco/44140","344","83.37"
"https://iisg.amsterdam/resource/bdv/127601","https://iisg.amsterdam/hisco/code/hisco/44140","197","83.37"
"https://iisg.amsterdam/resource/bdv/129851","https://iisg.amsterdam/hisco/code/hisco/44140","219","83.37"
"https://iisg.amsterdam/resource/bdv/130201","https://iisg.amsterdam/hisco/code/hisco/44140","94","83.37"
"https://iisg.amsterdam/resource/bdv/131951","https://iisg.amsterdam/hisco/code/hisco/44140","83","83.37"
"https://iisg.amsterdam/resource/bdv/134501","https://iisg.amsterdam/hisco/code/hisco/44140","149","83.37"
"https://iisg.amsterdam/resource/bdv/135951","https://iisg.amsterdam/hisco/code/hisco/44140","247","83.37"
"https://iisg.amsterdam/resource/bdv/138051","https://iisg.amsterdam/hisco/code/hisco/44140","0","83.37"
"https://iisg.amsterdam/resource/bdv/138601","https://iisg.amsterdam/hisco/code/hisco/44140","58","83.37"
"https://iisg.amsterdam/resource/bdv/115851","https://iisg.amsterdam/hisco/code/hisco/44190","138","75.94"
"https://iisg.amsterdam/resource/bdv/107851","https://iisg.amsterdam/hisco/code/hisco/61220","15","53.91"
"https://iisg.amsterdam/resource/bdv/110951","https://iisg.amsterdam/hisco/code/hisco/61220","40","53.91"
"https://iisg.amsterdam/resource/bdv/100751","https://iisg.amsterdam/hisco/code/hisco/61240","189","53.91"
"https://iisg.amsterdam/resource/bdv/103201","https://iisg.amsterdam/hisco/code/hisco/61240","91","53.91"
"https://iisg.amsterdam/resource/bdv/117801","https://iisg.amsterdam/hisco/code/hisco/61240","139","53.91"
"https://iisg.amsterdam/resource/bdv/119551","https://iisg.amsterdam/hisco/code/hisco/61240","301","53.91"
"https://iisg.amsterdam/resource/bdv/127001","https://iisg.amsterdam/hisco/code/hisco/61240","438","53.91"
"https://iisg.amsterdam/resource/bdv/136401","https://iisg.amsterdam/hisco/code/hisco/61240","101","53.91"
"https://iisg.amsterdam/resource/bdv/100551","https://iisg.amsterdam/hisco/code/hisco/63140","79","50.31"
"https://iisg.amsterdam/resource/bdv/112151","https://iisg.amsterdam/hisco/code/hisco/77120","44","57.83"
"https://iisg.amsterdam/resource/bdv/126151","https://iisg.amsterdam/hisco/code/hisco/77120","38","57.83"
"https://iisg.amsterdam/resource/bdv/126701","https://iisg.amsterdam/hisco/code/hisco/77120","98","57.83"
"https://iisg.amsterdam/resource/bdv/136501","https://iisg.amsterdam/hisco/code/hisco/77120","24","57.83"
"https://iisg.amsterdam/resource/bdv/102151","https://iisg.amsterdam/hisco/code/hisco/77310","35","61.13"
"https://iisg.amsterdam/resource/bdv/107401","https://iisg.amsterdam/hisco/code/hisco/77310","44","61.13"
"https://iisg.amsterdam/resource/bdv/112001","https://iisg.amsterdam/hisco/code/hisco/77310","48","61.13"
"https://iisg.amsterdam/resource/bdv/113301","https://iisg.amsterdam/hisco/code/hisco/77310","38","61.13"
"https://iisg.amsterdam/resource/bdv/117351","https://iisg.amsterdam/hisco/code/hisco/77310","54","61.13"
"https://iisg.amsterdam/resource/bdv/119401","https://iisg.amsterdam/hisco/code/hisco/77310","76","61.13"
"https://iisg.amsterdam/resource/bdv/122701","https://iisg.amsterdam/hisco/code/hisco/77310","46","61.13"
"https://iisg.amsterdam/resource/bdv/130601","https://iisg.amsterdam/hisco/code/hisco/77310","131","61.13"
"https://iisg.amsterdam/resource/bdv/102801","https://iisg.amsterdam/hisco/code/hisco/77610","49","58.75"
"https://iisg.amsterdam/resource/bdv/103901","https://iisg.amsterdam/hisco/code/hisco/77610","25","58.75"
"https://iisg.amsterdam/resource/bdv/113251","https://iisg.amsterdam/hisco/code/hisco/77610","34","58.75"
"https://iisg.amsterdam/resource/bdv/114401","https://iisg.amsterdam/hisco/code/hisco/77610","42","58.75"
"https://iisg.amsterdam/resource/bdv/114451","https://iisg.amsterdam/hisco/code/hisco/77610","41","58.75"
"https://iisg.amsterdam/resource/bdv/115151","https://iisg.amsterdam/hisco/code/hisco/77610","100","58.75"
"https://iisg.amsterdam/resource/bdv/116401","https://iisg.amsterdam/hisco/code/hisco/77610","66","58.75"
"https://iisg.amsterdam/resource/bdv/117651","https://iisg.amsterdam/hisco/code/hisco/77610","34","58.75"
"https://iisg.amsterdam/resource/bdv/118801","https://iisg.amsterdam/hisco/code/hisco/77610","81","58.75"
"https://iisg.amsterdam/resource/bdv/122651","https://iisg.amsterdam/hisco/code/hisco/77610","36","58.75"
"https://iisg.amsterdam/resource/bdv/126051","https://iisg.amsterdam/hisco/code/hisco/77610","44","58.75"
"https://iisg.amsterdam/resource/bdv/127201","https://iisg.amsterdam/hisco/code/hisco/77610","41","58.75"
"https://iisg.amsterdam/resource/bdv/127801","https://iisg.amsterdam/hisco/code/hisco/77610","63","58.75"
"https://iisg.amsterdam/resource/bdv/129151","https://iisg.amsterdam/hisco/code/hisco/77610","50","58.75"
"https://iisg.amsterdam/resource/bdv/132751","https://iisg.amsterdam/hisco/code/hisco/77610","28","58.75"
"https://iisg.amsterdam/resource/bdv/100851","https://iisg.amsterdam/hisco/code/hisco/95410","88","52.5"
"https://iisg.amsterdam/resource/bdv/100951","https://iisg.amsterdam/hisco/code/hisco/95410","18","52.5"
"https://iisg.amsterdam/resource/bdv/101501","https://iisg.amsterdam/hisco/code/hisco/95410","11","52.5"
"https://iisg.amsterdam/resource/bdv/103101","https://iisg.amsterdam/hisco/code/hisco/95410","259","52.5"
"https://iisg.amsterdam/resource/bdv/106201","https://iisg.amsterdam/hisco/code/hisco/95410","15","52.5"
"https://iisg.amsterdam/resource/bdv/106751","https://iisg.amsterdam/hisco/code/hisco/95410","20","52.5"
"https://iisg.amsterdam/resource/bdv/109951","https://iisg.amsterdam/hisco/code/hisco/95410","95","52.5"
"https://iisg.amsterdam/resource/bdv/111501","https://iisg.amsterdam/hisco/code/hisco/95410","54","52.5"
"https://iisg.amsterdam/resource/bdv/113451","https://iisg.amsterdam/hisco/code/hisco/95410","88","52.5"
"https://iisg.amsterdam/resource/bdv/117851","https://iisg.amsterdam/hisco/code/hisco/95410","57","52.5"
"https://iisg.amsterdam/resource/bdv/123001","https://iisg.amsterdam/hisco/code/hisco/95410","58","52.5"
"https://iisg.amsterdam/resource/bdv/124551","https://iisg.amsterdam/hisco/code/hisco/95410","40","52.5"
"https://iisg.amsterdam/resource/bdv/124651","https://iisg.amsterdam/hisco/code/hisco/95410","63","52.5"
"https://iisg.amsterdam/resource/bdv/125351","https://iisg.amsterdam/hisco/code/hisco/95410","33","52.5"
"https://iisg.amsterdam/resource/bdv/125701","https://iisg.amsterdam/hisco/code/hisco/95410","41","52.5"
"https://iisg.amsterdam/resource/bdv/128701","https://iisg.amsterdam/hisco/code/hisco/95410","71","52.5"
"https://iisg.amsterdam/resource/bdv/131151","https://iisg.amsterdam/hisco/code/hisco/95410","60","52.5"
"https://iisg.amsterdam/resource/bdv/133551","https://iisg.amsterdam/hisco/code/hisco/95410","74","52.5"
"https://iisg.amsterdam/resource/bdv/136951","https://iisg.amsterdam/hisco/code/hisco/95410","79","52.5"
"https://iisg.amsterdam/resource/bdv/137101","https://iisg.amsterdam/hisco/code/hisco/95410","40","52.5"
"https://iisg.amsterdam/resource/bdv/120651","https://iisg.amsterdam/hisco/code/hisco/99900","25","48.7"
"https://iisg.amsterdam/resource/bdv/126201","https://iisg.amsterdam/hisco/code/hisco/99900","57","48.7"