rij,obs,pop,houseType,residenceStatus,kom,sex
100,http://lod.cedar-project.nl:8888/cedar/resource/VT_1859_01_H1-S3-E100-h,586,http://lod.cedar-project.nl/vocab/cedar#house-BewoondeHuizen,,http://lod.cedar-project.nl/vocab/cedar-Kom#BinnenKom,
102,http://lod.cedar-project.nl:8888/cedar/resource/VT_1859_01_H1-S3-E102-h,621,http://lod.cedar-project.nl/vocab/cedar#house-BewoondeHuizen,,http://lod.cedar-project.nl/vocab/cedar-Kom#BinnenKom,
104,http://lod.cedar-project.nl:8888/cedar/resource/VT_1859_01_H1-S3-E104-h,816,http://lod.cedar-project.nl/vocab/cedar#house-BewoondeHuizen,,http://lod.cedar-project.nl/vocab/cedar-Kom#BinnenKom,
106,http://lod.cedar-project.nl:8888/cedar/resource/VT_1859_01_H1-S3-E106-h,290,http://lod.cedar-project.nl/vocab/cedar#house-BewoondeHuizen,,http://lod.cedar-project.nl/vocab/cedar-Kom#BinnenKom,
108,http://lod.cedar-project.nl:8888/cedar/resource/VT_1859_01_H1-S3-E108-h,491,http://lod.cedar-project.nl/vocab/cedar#house-BewoondeHuizen,,http://lod.cedar-project.nl/vocab/cedar-Kom#BinnenKom,
110,http://lod.cedar-project.nl:8888/cedar/resource/VT_1859_01_H1-S3-E110-h,475,http://lod.cedar-project.nl/vocab/cedar#house-BewoondeHuizen,,http://lod.cedar-project.nl/vocab/cedar-Kom#BinnenKom,
112,http://lod.cedar-project.nl:8888/cedar/resource/VT_1859_01_H1-S3-E112-h,672,http://lod.cedar-project.nl/vocab/cedar#house-BewoondeHuizen,,http://lod.cedar-project.nl/vocab/cedar-Kom#BinnenKom,
114,http://lod.cedar-project.nl:8888/cedar/resource/VT_1859_01_H1-S3-E114-h,198,http://lod.cedar-project.nl/vocab/cedar#house-BewoondeHuizen,,http://lod.cedar-project.nl/vocab/cedar-Kom#BinnenKom,
118,http://lod.cedar-project.nl:8888/cedar/resource/VT_1859_01_H1-S3-E118-h,183,http://lod.cedar-project.nl/vocab/cedar#house-BewoondeHuizen,,http://lod.cedar-project.nl/vocab/cedar-Kom#BuitenKom,
119,http://lod.cedar-project.nl:8888/cedar/resource/VT_1859_01_H1-S3-E119-h,459,http://lod.cedar-project.nl/vocab/cedar#house-BewoondeHuizen,,http://lod.cedar-project.nl/vocab/cedar-Kom#BuitenKom,
121,http://lod.cedar-project.nl:8888/cedar/resource/VT_1859_01_H1-S3-E121-h,147,http://lod.cedar-project.nl/vocab/cedar#house-BewoondeHuizen,,http://lod.cedar-project.nl/vocab/cedar-Kom#BuitenKom,
123,http://lod.cedar-project.nl:8888/cedar/resource/VT_1859_01_H1-S3-E123-h,136,http://lod.cedar-project.nl/vocab/cedar#house-BewoondeHuizen,,http://lod.cedar-project.nl/vocab/cedar-Kom#BuitenKom,
41,http://lod.cedar-project.nl:8888/cedar/resource/VT_1859_01_H1-S3-E41-h,407,http://lod.cedar-project.nl/vocab/cedar#house-BewoondeHuizen,,http://lod.cedar-project.nl/vocab/cedar-Kom#BinnenKom,
42,http://lod.cedar-project.nl:8888/cedar/resource/VT_1859_01_H1-S3-E42-h,292,http://lod.cedar-project.nl/vocab/cedar#house-BewoondeHuizen,,http://lod.cedar-project.nl/vocab/cedar-Kom#BinnenKom,
44,http://lod.cedar-project.nl:8888/cedar/resource/VT_1859_01_H1-S3-E44-h,504,http://lod.cedar-project.nl/vocab/cedar#house-BewoondeHuizen,,http://lod.cedar-project.nl/vocab/cedar-Kom#BinnenKom,
46,http://lod.cedar-project.nl:8888/cedar/resource/VT_1859_01_H1-S3-E46-h,301,http://lod.cedar-project.nl/vocab/cedar#house-BewoondeHuizen,,http://lod.cedar-project.nl/vocab/cedar-Kom#BinnenKom,
48,http://lod.cedar-project.nl:8888/cedar/resource/VT_1859_01_H1-S3-E48-h,459,http://lod.cedar-project.nl/vocab/cedar#house-BewoondeHuizen,,http://lod.cedar-project.nl/vocab/cedar-Kom#BinnenKom,
49,http://lod.cedar-project.nl:8888/cedar/resource/VT_1859_01_H1-S3-E49-h,335,http://lod.cedar-project.nl/vocab/cedar#house-BewoondeHuizen,,http://lod.cedar-project.nl/vocab/cedar-Kom#BinnenKom,
51,http://lod.cedar-project.nl:8888/cedar/resource/VT_1859_01_H1-S3-E51-h,435,http://lod.cedar-project.nl/vocab/cedar#house-BewoondeHuizen,,http://lod.cedar-project.nl/vocab/cedar-Kom#BinnenKom,
53,http://lod.cedar-project.nl:8888/cedar/resource/VT_1859_01_H1-S3-E53-h,556,http://lod.cedar-project.nl/vocab/cedar#house-BewoondeHuizen,,http://lod.cedar-project.nl/vocab/cedar-Kom#BinnenKom,
55,http://lod.cedar-project.nl:8888/cedar/resource/VT_1859_01_H1-S3-E55-h,565,http://lod.cedar-project.nl/vocab/cedar#house-BewoondeHuizen,,http://lod.cedar-project.nl/vocab/cedar-Kom#BinnenKom,
56,http://lod.cedar-project.nl:8888/cedar/resource/VT_1859_01_H1-S3-E56-h,576,http://lod.cedar-project.nl/vocab/cedar#house-BewoondeHuizen,,http://lod.cedar-project.nl/vocab/cedar-Kom#BinnenKom,
58,http://lod.cedar-project.nl:8888/cedar/resource/VT_1859_01_H1-S3-E58-h,648,http://lod.cedar-project.nl/vocab/cedar#house-BewoondeHuizen,,http://lod.cedar-project.nl/vocab/cedar-Kom#BinnenKom,
60,http://lod.cedar-project.nl:8888/cedar/resource/VT_1859_01_H1-S3-E60-h,413,http://lod.cedar-project.nl/vocab/cedar#house-BewoondeHuizen,,http://lod.cedar-project.nl/vocab/cedar-Kom#BinnenKom,
62,http://lod.cedar-project.nl:8888/cedar/resource/VT_1859_01_H1-S3-E62-h,414,http://lod.cedar-project.nl/vocab/cedar#house-BewoondeHuizen,,http://lod.cedar-project.nl/vocab/cedar-Kom#BinnenKom,
64,http://lod.cedar-project.nl:8888/cedar/resource/VT_1859_01_H1-S3-E64-h,375,http://lod.cedar-project.nl/vocab/cedar#house-BewoondeHuizen,,http://lod.cedar-project.nl/vocab/cedar-Kom#BinnenKom,
66,http://lod.cedar-project.nl:8888/cedar/resource/VT_1859_01_H1-S3-E66-h,313,http://lod.cedar-project.nl/vocab/cedar#house-BewoondeHuizen,,http://lod.cedar-project.nl/vocab/cedar-Kom#BinnenKom,
67,http://lod.cedar-project.nl:8888/cedar/resource/VT_1859_01_H1-S3-E67-h,224,http://lod.cedar-project.nl/vocab/cedar#house-BewoondeHuizen,,http://lod.cedar-project.nl/vocab/cedar-Kom#BinnenKom,
68,http://lod.cedar-project.nl:8888/cedar/resource/VT_1859_01_H1-S3-E68-h,285,http://lod.cedar-project.nl/vocab/cedar#house-BewoondeHuizen,,http://lod.cedar-project.nl/vocab/cedar-Kom#BinnenKom,
70,http://lod.cedar-project.nl:8888/cedar/resource/VT_1859_01_H1-S3-E70-h,196,http://lod.cedar-project.nl/vocab/cedar#house-BewoondeHuizen,,http://lod.cedar-project.nl/vocab/cedar-Kom#BinnenKom,
71,http://lod.cedar-project.nl:8888/cedar/resource/VT_1859_01_H1-S3-E71-h,722,http://lod.cedar-project.nl/vocab/cedar#house-BewoondeHuizen,,http://lod.cedar-project.nl/vocab/cedar-Kom#BinnenKom,
73,http://lod.cedar-project.nl:8888/cedar/resource/VT_1859_01_H1-S3-E73-h,602,http://lod.cedar-project.nl/vocab/cedar#house-BewoondeHuizen,,http://lod.cedar-project.nl/vocab/cedar-Kom#BinnenKom,
75,http://lod.cedar-project.nl:8888/cedar/resource/VT_1859_01_H1-S3-E75-h,454,http://lod.cedar-project.nl/vocab/cedar#house-BewoondeHuizen,,http://lod.cedar-project.nl/vocab/cedar-Kom#BinnenKom,
77,http://lod.cedar-project.nl:8888/cedar/resource/VT_1859_01_H1-S3-E77-h,616,http://lod.cedar-project.nl/vocab/cedar#house-BewoondeHuizen,,http://lod.cedar-project.nl/vocab/cedar-Kom#BinnenKom,
79,http://lod.cedar-project.nl:8888/cedar/resource/VT_1859_01_H1-S3-E79-h,629,http://lod.cedar-project.nl/vocab/cedar#house-BewoondeHuizen,,http://lod.cedar-project.nl/vocab/cedar-Kom#BinnenKom,
80,http://lod.cedar-project.nl:8888/cedar/resource/VT_1859_01_H1-S3-E80-h,496,http://lod.cedar-project.nl/vocab/cedar#house-BewoondeHuizen,,http://lod.cedar-project.nl/vocab/cedar-Kom#BinnenKom,
82,http://lod.cedar-project.nl:8888/cedar/resource/VT_1859_01_H1-S3-E82-h,748,http://lod.cedar-project.nl/vocab/cedar#house-BewoondeHuizen,,http://lod.cedar-project.nl/vocab/cedar-Kom#BinnenKom,
84,http://lod.cedar-project.nl:8888/cedar/resource/VT_1859_01_H1-S3-E84-h,671,http://lod.cedar-project.nl/vocab/cedar#house-BewoondeHuizen,,http://lod.cedar-project.nl/vocab/cedar-Kom#BinnenKom,
85,http://lod.cedar-project.nl:8888/cedar/resource/VT_1859_01_H1-S3-E85-h,555,http://lod.cedar-project.nl/vocab/cedar#house-BewoondeHuizen,,http://lod.cedar-project.nl/vocab/cedar-Kom#BinnenKom,
86,http://lod.cedar-project.nl:8888/cedar/resource/VT_1859_01_H1-S3-E86-h,669,http://lod.cedar-project.nl/vocab/cedar#house-BewoondeHuizen,,http://lod.cedar-project.nl/vocab/cedar-Kom#BinnenKom,
87,http://lod.cedar-project.nl:8888/cedar/resource/VT_1859_01_H1-S3-E87-h,459,http://lod.cedar-project.nl/vocab/cedar#house-BewoondeHuizen,,http://lod.cedar-project.nl/vocab/cedar-Kom#BinnenKom,
88,http://lod.cedar-project.nl:8888/cedar/resource/VT_1859_01_H1-S3-E88-h,576,http://lod.cedar-project.nl/vocab/cedar#house-BewoondeHuizen,,http://lod.cedar-project.nl/vocab/cedar-Kom#BinnenKom,
89,http://lod.cedar-project.nl:8888/cedar/resource/VT_1859_01_H1-S3-E89-h,429,http://lod.cedar-project.nl/vocab/cedar#house-BewoondeHuizen,,http://lod.cedar-project.nl/vocab/cedar-Kom#BinnenKom,
90,http://lod.cedar-project.nl:8888/cedar/resource/VT_1859_01_H1-S3-E90-h,500,http://lod.cedar-project.nl/vocab/cedar#house-BewoondeHuizen,,http://lod.cedar-project.nl/vocab/cedar-Kom#BinnenKom,
91,http://lod.cedar-project.nl:8888/cedar/resource/VT_1859_01_H1-S3-E91-h,423,http://lod.cedar-project.nl/vocab/cedar#house-BewoondeHuizen,,http://lod.cedar-project.nl/vocab/cedar-Kom#BinnenKom,
92,http://lod.cedar-project.nl:8888/cedar/resource/VT_1859_01_H1-S3-E92-h,461,http://lod.cedar-project.nl/vocab/cedar#house-BewoondeHuizen,,http://lod.cedar-project.nl/vocab/cedar-Kom#BinnenKom,
94,http://lod.cedar-project.nl:8888/cedar/resource/VT_1859_01_H1-S3-E94-h,586,http://lod.cedar-project.nl/vocab/cedar#house-BewoondeHuizen,,http://lod.cedar-project.nl/vocab/cedar-Kom#BinnenKom,
95,http://lod.cedar-project.nl:8888/cedar/resource/VT_1859_01_H1-S3-E95-h,369,http://lod.cedar-project.nl/vocab/cedar#house-BewoondeHuizen,,http://lod.cedar-project.nl/vocab/cedar-Kom#BinnenKom,
97,http://lod.cedar-project.nl:8888/cedar/resource/VT_1859_01_H1-S3-E97-h,466,http://lod.cedar-project.nl/vocab/cedar#house-BewoondeHuizen,,http://lod.cedar-project.nl/vocab/cedar-Kom#BinnenKom,
98,http://lod.cedar-project.nl:8888/cedar/resource/VT_1859_01_H1-S3-E98-h,491,http://lod.cedar-project.nl/vocab/cedar#house-BewoondeHuizen,,http://lod.cedar-project.nl/vocab/cedar-Kom#BinnenKom,
100,http://lod.cedar-project.nl:8888/cedar/resource/VT_1859_01_H1-S3-F100-h,73,http://lod.cedar-project.nl/vocab/cedar#house-OnbewoondeHuizen,,http://lod.cedar-project.nl/vocab/cedar-Kom#BinnenKom,
102,http://lod.cedar-project.nl:8888/cedar/resource/VT_1859_01_H1-S3-F102-h,95,http://lod.cedar-project.nl/vocab/cedar#house-OnbewoondeHuizen,,http://lod.cedar-project.nl/vocab/cedar-Kom#BinnenKom,
104,http://lod.cedar-project.nl:8888/cedar/resource/VT_1859_01_H1-S3-F104-h,163,http://lod.cedar-project.nl/vocab/cedar#house-OnbewoondeHuizen,,http://lod.cedar-project.nl/vocab/cedar-Kom#BinnenKom,
106,http://lod.cedar-project.nl:8888/cedar/resource/VT_1859_01_H1-S3-F106-h,40,http://lod.cedar-project.nl/vocab/cedar#house-OnbewoondeHuizen,,http://lod.cedar-project.nl/vocab/cedar-Kom#BinnenKom,
108,http://lod.cedar-project.nl:8888/cedar/resource/VT_1859_01_H1-S3-F108-h,53,http://lod.cedar-project.nl/vocab/cedar#house-OnbewoondeHuizen,,http://lod.cedar-project.nl/vocab/cedar-Kom#BinnenKom,
110,http://lod.cedar-project.nl:8888/cedar/resource/VT_1859_01_H1-S3-F110-h,66,http://lod.cedar-project.nl/vocab/cedar#house-OnbewoondeHuizen,,http://lod.cedar-project.nl/vocab/cedar-Kom#BinnenKom,
112,http://lod.cedar-project.nl:8888/cedar/resource/VT_1859_01_H1-S3-F112-h,208,http://lod.cedar-project.nl/vocab/cedar#house-OnbewoondeHuizen,,http://lod.cedar-project.nl/vocab/cedar-Kom#BinnenKom,
114,http://lod.cedar-project.nl:8888/cedar/resource/VT_1859_01_H1-S3-F114-h,205,http://lod.cedar-project.nl/vocab/cedar#house-OnbewoondeHuizen,,http://lod.cedar-project.nl/vocab/cedar-Kom#BinnenKom,
118,http://lod.cedar-project.nl:8888/cedar/resource/VT_1859_01_H1-S3-F118-h,97,http://lod.cedar-project.nl/vocab/cedar#house-OnbewoondeHuizen,,http://lod.cedar-project.nl/vocab/cedar-Kom#BuitenKom,
119,http://lod.cedar-project.nl:8888/cedar/resource/VT_1859_01_H1-S3-F119-h,138,http://lod.cedar-project.nl/vocab/cedar#house-OnbewoondeHuizen,,http://lod.cedar-project.nl/vocab/cedar-Kom#BuitenKom,
121,http://lod.cedar-project.nl:8888/cedar/resource/VT_1859_01_H1-S3-F121-h,63,http://lod.cedar-project.nl/vocab/cedar#house-OnbewoondeHuizen,,http://lod.cedar-project.nl/vocab/cedar-Kom#BuitenKom,
123,http://lod.cedar-project.nl:8888/cedar/resource/VT_1859_01_H1-S3-F123-h,76,http://lod.cedar-project.nl/vocab/cedar#house-OnbewoondeHuizen,,http://lod.cedar-project.nl/vocab/cedar-Kom#BuitenKom,
41,http://lod.cedar-project.nl:8888/cedar/resource/VT_1859_01_H1-S3-F41-h,47,http://lod.cedar-project.nl/vocab/cedar#house-OnbewoondeHuizen,,http://lod.cedar-project.nl/vocab/cedar-Kom#BinnenKom,
42,http://lod.cedar-project.nl:8888/cedar/resource/VT_1859_01_H1-S3-F42-h,23,http://lod.cedar-project.nl/vocab/cedar#house-OnbewoondeHuizen,,http://lod.cedar-project.nl/vocab/cedar-Kom#BinnenKom,
44,http://lod.cedar-project.nl:8888/cedar/resource/VT_1859_01_H1-S3-F44-h,56,http://lod.cedar-project.nl/vocab/cedar#house-OnbewoondeHuizen,,http://lod.cedar-project.nl/vocab/cedar-Kom#BinnenKom,
46,http://lod.cedar-project.nl:8888/cedar/resource/VT_1859_01_H1-S3-F46-h,46,http://lod.cedar-project.nl/vocab/cedar#house-OnbewoondeHuizen,,http://lod.cedar-project.nl/vocab/cedar-Kom#BinnenKom,
48,http://lod.cedar-project.nl:8888/cedar/resource/VT_1859_01_H1-S3-F48-h,64,http://lod.cedar-project.nl/vocab/cedar#house-OnbewoondeHuizen,,http://lod.cedar-project.nl/vocab/cedar-Kom#BinnenKom,
49,http://lod.cedar-project.nl:8888/cedar/resource/VT_1859_01_H1-S3-F49-h,56,http://lod.cedar-project.nl/vocab/cedar#house-OnbewoondeHuizen,,http://lod.cedar-project.nl/vocab/cedar-Kom#BinnenKom,
51,http://lod.cedar-project.nl:8888/cedar/resource/VT_1859_01_H1-S3-F51-h,48,http://lod.cedar-project.nl/vocab/cedar#house-OnbewoondeHuizen,,http://lod.cedar-project.nl/vocab/cedar-Kom#BinnenKom,
53,http://lod.cedar-project.nl:8888/cedar/resource/VT_1859_01_H1-S3-F53-h,97,http://lod.cedar-project.nl/vocab/cedar#house-OnbewoondeHuizen,,http://lod.cedar-project.nl/vocab/cedar-Kom#BinnenKom,
55,http://lod.cedar-project.nl:8888/cedar/resource/VT_1859_01_H1-S3-F55-h,69,http://lod.cedar-project.nl/vocab/cedar#house-OnbewoondeHuizen,,http://lod.cedar-project.nl/vocab/cedar-Kom#BinnenKom,
56,http://lod.cedar-project.nl:8888/cedar/resource/VT_1859_01_H1-S3-F56-h,36,http://lod.cedar-project.nl/vocab/cedar#house-OnbewoondeHuizen,,http://lod.cedar-project.nl/vocab/cedar-Kom#BinnenKom,
58,http://lod.cedar-project.nl:8888/cedar/resource/VT_1859_01_H1-S3-F58-h,163,http://lod.cedar-project.nl/vocab/cedar#house-OnbewoondeHuizen,,http://lod.cedar-project.nl/vocab/cedar-Kom#BinnenKom,
60,http://lod.cedar-project.nl:8888/cedar/resource/VT_1859_01_H1-S3-F60-h,69,http://lod.cedar-project.nl/vocab/cedar#house-OnbewoondeHuizen,,http://lod.cedar-project.nl/vocab/cedar-Kom#BinnenKom,
62,http://lod.cedar-project.nl:8888/cedar/resource/VT_1859_01_H1-S3-F62-h,52,http://lod.cedar-project.nl/vocab/cedar#house-OnbewoondeHuizen,,http://lod.cedar-project.nl/vocab/cedar-Kom#BinnenKom,
64,http://lod.cedar-project.nl:8888/cedar/resource/VT_1859_01_H1-S3-F64-h,45,http://lod.cedar-project.nl/vocab/cedar#house-OnbewoondeHuizen,,http://lod.cedar-project.nl/vocab/cedar-Kom#BinnenKom,
66,http://lod.cedar-project.nl:8888/cedar/resource/VT_1859_01_H1-S3-F66-h,42,http://lod.cedar-project.nl/vocab/cedar#house-OnbewoondeHuizen,,http://lod.cedar-project.nl/vocab/cedar-Kom#BinnenKom,
67,http://lod.cedar-project.nl:8888/cedar/resource/VT_1859_01_H1-S3-F67-h,56,http://lod.cedar-project.nl/vocab/cedar#house-OnbewoondeHuizen,,http://lod.cedar-project.nl/vocab/cedar-Kom#BinnenKom,
68,http://lod.cedar-project.nl:8888/cedar/resource/VT_1859_01_H1-S3-F68-h,80,http://lod.cedar-project.nl/vocab/cedar#house-OnbewoondeHuizen,,http://lod.cedar-project.nl/vocab/cedar-Kom#BinnenKom,
70,http://lod.cedar-project.nl:8888/cedar/resource/VT_1859_01_H1-S3-F70-h,31,http://lod.cedar-project.nl/vocab/cedar#house-OnbewoondeHuizen,,http://lod.cedar-project.nl/vocab/cedar-Kom#BinnenKom,
71,http://lod.cedar-project.nl:8888/cedar/resource/VT_1859_01_H1-S3-F71-h,136,http://lod.cedar-project.nl/vocab/cedar#house-OnbewoondeHuizen,,http://lod.cedar-project.nl/vocab/cedar-Kom#BinnenKom,
73,http://lod.cedar-project.nl:8888/cedar/resource/VT_1859_01_H1-S3-F73-h,150,http://lod.cedar-project.nl/vocab/cedar#house-OnbewoondeHuizen,,http://lod.cedar-project.nl/vocab/cedar-Kom#BinnenKom,
75,http://lod.cedar-project.nl:8888/cedar/resource/VT_1859_01_H1-S3-F75-h,81,http://lod.cedar-project.nl/vocab/cedar#house-OnbewoondeHuizen,,http://lod.cedar-project.nl/vocab/cedar-Kom#BinnenKom,
77,http://lod.cedar-project.nl:8888/cedar/resource/VT_1859_01_H1-S3-F77-h,165,http://lod.cedar-project.nl/vocab/cedar#house-OnbewoondeHuizen,,http://lod.cedar-project.nl/vocab/cedar-Kom#BinnenKom,
79,http://lod.cedar-project.nl:8888/cedar/resource/VT_1859_01_H1-S3-F79-h,85,http://lod.cedar-project.nl/vocab/cedar#house-OnbewoondeHuizen,,http://lod.cedar-project.nl/vocab/cedar-Kom#BinnenKom,
80,http://lod.cedar-project.nl:8888/cedar/resource/VT_1859_01_H1-S3-F80-h,67,http://lod.cedar-project.nl/vocab/cedar#house-OnbewoondeHuizen,,http://lod.cedar-project.nl/vocab/cedar-Kom#BinnenKom,
82,http://lod.cedar-project.nl:8888/cedar/resource/VT_1859_01_H1-S3-F82-h,108,http://lod.cedar-project.nl/vocab/cedar#house-OnbewoondeHuizen,,http://lod.cedar-project.nl/vocab/cedar-Kom#BinnenKom,
84,http://lod.cedar-project.nl:8888/cedar/resource/VT_1859_01_H1-S3-F84-h,66,http://lod.cedar-project.nl/vocab/cedar#house-OnbewoondeHuizen,,http://lod.cedar-project.nl/vocab/cedar-Kom#BinnenKom,
85,http://lod.cedar-project.nl:8888/cedar/resource/VT_1859_01_H1-S3-F85-h,35,http://lod.cedar-project.nl/vocab/cedar#house-OnbewoondeHuizen,,http://lod.cedar-project.nl/vocab/cedar-Kom#BinnenKom,
86,http://lod.cedar-project.nl:8888/cedar/resource/VT_1859_01_H1-S3-F86-h,55,http://lod.cedar-project.nl/vocab/cedar#house-OnbewoondeHuizen,,http://lod.cedar-project.nl/vocab/cedar-Kom#BinnenKom,
87,http://lod.cedar-project.nl:8888/cedar/resource/VT_1859_01_H1-S3-F87-h,65,http://lod.cedar-project.nl/vocab/cedar#house-OnbewoondeHuizen,,http://lod.cedar-project.nl/vocab/cedar-Kom#BinnenKom,
88,http://lod.cedar-project.nl:8888/cedar/resource/VT_1859_01_H1-S3-F88-h,67,http://lod.cedar-project.nl/vocab/cedar#house-OnbewoondeHuizen,,http://lod.cedar-project.nl/vocab/cedar-Kom#BinnenKom,
89,http://lod.cedar-project.nl:8888/cedar/resource/VT_1859_01_H1-S3-F89-h,78,http://lod.cedar-project.nl/vocab/cedar#house-OnbewoondeHuizen,,http://lod.cedar-project.nl/vocab/cedar-Kom#BinnenKom,
90,http://lod.cedar-project.nl:8888/cedar/resource/VT_1859_01_H1-S3-F90-h,86,http://lod.cedar-project.nl/vocab/cedar#house-OnbewoondeHuizen,,http://lod.cedar-project.nl/vocab/cedar-Kom#BinnenKom,
91,http://lod.cedar-project.nl:8888/cedar/resource/VT_1859_01_H1-S3-F91-h,98,http://lod.cedar-project.nl/vocab/cedar#house-OnbewoondeHuizen,,http://lod.cedar-project.nl/vocab/cedar-Kom#BinnenKom,
92,http://lod.cedar-project.nl:8888/cedar/resource/VT_1859_01_H1-S3-F92-h,52,http://lod.cedar-project.nl/vocab/cedar#house-OnbewoondeHuizen,,http://lod.cedar-project.nl/vocab/cedar-Kom#BinnenKom,
94,http://lod.cedar-project.nl:8888/cedar/resource/VT_1859_01_H1-S3-F94-h,24,http://lod.cedar-project.nl/vocab/cedar#house-OnbewoondeHuizen,,http://lod.cedar-project.nl/vocab/cedar-Kom#BinnenKom,
95,http://lod.cedar-project.nl:8888/cedar/resource/VT_1859_01_H1-S3-F95-h,30,http://lod.cedar-project.nl/vocab/cedar#house-OnbewoondeHuizen,,http://lod.cedar-project.nl/vocab/cedar-Kom#BinnenKom,
97,http://lod.cedar-project.nl:8888/cedar/resource/VT_1859_01_H1-S3-F97-h,40,http://lod.cedar-project.nl/vocab/cedar#house-OnbewoondeHuizen,,http://lod.cedar-project.nl/vocab/cedar-Kom#BinnenKom,
98,http://lod.cedar-project.nl:8888/cedar/resource/VT_1859_01_H1-S3-F98-h,44,http://lod.cedar-project.nl/vocab/cedar#house-OnbewoondeHuizen,,http://lod.cedar-project.nl/vocab/cedar-Kom#BinnenKom,
101,http://lod.cedar-project.nl:8888/cedar/resource/VT_1859_01_H1-S3-G101-h,13,http://lod.cedar-project.nl/vocab/cedar#house-BewoondeSchepen,,http://lod.cedar-project.nl/vocab/cedar-Kom#BinnenKom,
103,http://lod.cedar-project.nl:8888/cedar/resource/VT_1859_01_H1-S3-G103-h,5,http://lod.cedar-project.nl/vocab/cedar#house-BewoondeSchepen,,http://lod.cedar-project.nl/vocab/cedar-Kom#BinnenKom,
105,http://lod.cedar-project.nl:8888/cedar/resource/VT_1859_01_H1-S3-G105-h,9,http://lod.cedar-project.nl/vocab/cedar#house-BewoondeSchepen,,http://lod.cedar-project.nl/vocab/cedar-Kom#BinnenKom,
107,http://lod.cedar-project.nl:8888/cedar/resource/VT_1859_01_H1-S3-G107-h,3,http://lod.cedar-project.nl/vocab/cedar#house-BewoondeSchepen,,http://lod.cedar-project.nl/vocab/cedar-Kom#BinnenKom,
109,http://lod.cedar-project.nl:8888/cedar/resource/VT_1859_01_H1-S3-G109-h,15,http://lod.cedar-project.nl/vocab/cedar#house-BewoondeSchepen,,http://lod.cedar-project.nl/vocab/cedar-Kom#BinnenKom,
111,http://lod.cedar-project.nl:8888/cedar/resource/VT_1859_01_H1-S3-G111-h,103,http://lod.cedar-project.nl/vocab/cedar#house-BewoondeSchepen,,http://lod.cedar-project.nl/vocab/cedar-Kom#BinnenKom,
113,http://lod.cedar-project.nl:8888/cedar/resource/VT_1859_01_H1-S3-G113-h,19,http://lod.cedar-project.nl/vocab/cedar#house-BewoondeSchepen,,http://lod.cedar-project.nl/vocab/cedar-Kom#BinnenKom,
115,http://lod.cedar-project.nl:8888/cedar/resource/VT_1859_01_H1-S3-G115-h,7,http://lod.cedar-project.nl/vocab/cedar#house-BewoondeSchepen,,http://lod.cedar-project.nl/vocab/cedar-Kom#BinnenKom,
120,http://lod.cedar-project.nl:8888/cedar/resource/VT_1859_01_H1-S3-G120-h,4,http://lod.cedar-project.nl/vocab/cedar#house-BewoondeSchepen,,http://lod.cedar-project.nl/vocab/cedar-Kom#BuitenKom,
122,http://lod.cedar-project.nl:8888/cedar/resource/VT_1859_01_H1-S3-G122-h,4,http://lod.cedar-project.nl/vocab/cedar#house-BewoondeSchepen,,http://lod.cedar-project.nl/vocab/cedar-Kom#BuitenKom,
43,http://lod.cedar-project.nl:8888/cedar/resource/VT_1859_01_H1-S3-G43-h,4,http://lod.cedar-project.nl/vocab/cedar#house-BewoondeSchepen,,http://lod.cedar-project.nl/vocab/cedar-Kom#BinnenKom,
45,http://lod.cedar-project.nl:8888/cedar/resource/VT_1859_01_H1-S3-G45-h,7,http://lod.cedar-project.nl/vocab/cedar#house-BewoondeSchepen,,http://lod.cedar-project.nl/vocab/cedar-Kom#BinnenKom,
47,http://lod.cedar-project.nl:8888/cedar/resource/VT_1859_01_H1-S3-G47-h,1,http://lod.cedar-project.nl/vocab/cedar#house-BewoondeSchepen,,http://lod.cedar-project.nl/vocab/cedar-Kom#BinnenKom,
50,http://lod.cedar-project.nl:8888/cedar/resource/VT_1859_01_H1-S3-G50-h,4,http://lod.cedar-project.nl/vocab/cedar#house-BewoondeSchepen,,http://lod.cedar-project.nl/vocab/cedar-Kom#BinnenKom,
52,http://lod.cedar-project.nl:8888/cedar/resource/VT_1859_01_H1-S3-G52-h,6,http://lod.cedar-project.nl/vocab/cedar#house-BewoondeSchepen,,http://lod.cedar-project.nl/vocab/cedar-Kom#BinnenKom,
54,http://lod.cedar-project.nl:8888/cedar/resource/VT_1859_01_H1-S3-G54-h,9,http://lod.cedar-project.nl/vocab/cedar#house-BewoondeSchepen,,http://lod.cedar-project.nl/vocab/cedar-Kom#BinnenKom,
57,http://lod.cedar-project.nl:8888/cedar/resource/VT_1859_01_H1-S3-G57-h,1,http://lod.cedar-project.nl/vocab/cedar#house-BewoondeSchepen,,http://lod.cedar-project.nl/vocab/cedar-Kom#BinnenKom,
59,http://lod.cedar-project.nl:8888/cedar/resource/VT_1859_01_H1-S3-G59-h,8,http://lod.cedar-project.nl/vocab/cedar#house-BewoondeSchepen,,http://lod.cedar-project.nl/vocab/cedar-Kom#BinnenKom,
61,http://lod.cedar-project.nl:8888/cedar/resource/VT_1859_01_H1-S3-G61-h,12,http://lod.cedar-project.nl/vocab/cedar#house-BewoondeSchepen,,http://lod.cedar-project.nl/vocab/cedar-Kom#BinnenKom,
63,http://lod.cedar-project.nl:8888/cedar/resource/VT_1859_01_H1-S3-G63-h,6,http://lod.cedar-project.nl/vocab/cedar#house-BewoondeSchepen,,http://lod.cedar-project.nl/vocab/cedar-Kom#BinnenKom,
65,http://lod.cedar-project.nl:8888/cedar/resource/VT_1859_01_H1-S3-G65-h,1,http://lod.cedar-project.nl/vocab/cedar#house-BewoondeSchepen,,http://lod.cedar-project.nl/vocab/cedar-Kom#BinnenKom,
69,http://lod.cedar-project.nl:8888/cedar/resource/VT_1859_01_H1-S3-G69-h,2,http://lod.cedar-project.nl/vocab/cedar#house-BewoondeSchepen,,http://lod.cedar-project.nl/vocab/cedar-Kom#BinnenKom,
72,http://lod.cedar-project.nl:8888/cedar/resource/VT_1859_01_H1-S3-G72-h,1,http://lod.cedar-project.nl/vocab/cedar#house-BewoondeSchepen,,http://lod.cedar-project.nl/vocab/cedar-Kom#BinnenKom,
74,http://lod.cedar-project.nl:8888/cedar/resource/VT_1859_01_H1-S3-G74-h,179,http://lod.cedar-project.nl/vocab/cedar#house-BewoondeSchepen,,http://lod.cedar-project.nl/vocab/cedar-Kom#BinnenKom,
76,http://lod.cedar-project.nl:8888/cedar/resource/VT_1859_01_H1-S3-G76-h,3,http://lod.cedar-project.nl/vocab/cedar#house-BewoondeSchepen,,http://lod.cedar-project.nl/vocab/cedar-Kom#BinnenKom,
78,http://lod.cedar-project.nl:8888/cedar/resource/VT_1859_01_H1-S3-G78-h,10,http://lod.cedar-project.nl/vocab/cedar#house-BewoondeSchepen,,http://lod.cedar-project.nl/vocab/cedar-Kom#BinnenKom,
81,http://lod.cedar-project.nl:8888/cedar/resource/VT_1859_01_H1-S3-G81-h,15,http://lod.cedar-project.nl/vocab/cedar#house-BewoondeSchepen,,http://lod.cedar-project.nl/vocab/cedar-Kom#BinnenKom,
83,http://lod.cedar-project.nl:8888/cedar/resource/VT_1859_01_H1-S3-G83-h,28,http://lod.cedar-project.nl/vocab/cedar#house-BewoondeSchepen,,http://lod.cedar-project.nl/vocab/cedar-Kom#BinnenKom,
93,http://lod.cedar-project.nl:8888/cedar/resource/VT_1859_01_H1-S3-G93-h,2,http://lod.cedar-project.nl/vocab/cedar#house-BewoondeSchepen,,http://lod.cedar-project.nl/vocab/cedar-Kom#BinnenKom,
96,http://lod.cedar-project.nl:8888/cedar/resource/VT_1859_01_H1-S3-G96-h,8,http://lod.cedar-project.nl/vocab/cedar#house-BewoondeSchepen,,http://lod.cedar-project.nl/vocab/cedar-Kom#BinnenKom,
99,http://lod.cedar-project.nl:8888/cedar/resource/VT_1859_01_H1-S3-G99-h,7,http://lod.cedar-project.nl/vocab/cedar#house-BewoondeSchepen,,http://lod.cedar-project.nl/vocab/cedar-Kom#BinnenKom,
100,http://lod.cedar-project.nl:8888/cedar/resource/VT_1859_01_H1-S3-H100-h,1453,,,http://lod.cedar-project.nl/vocab/cedar-Kom#BinnenKom,
101,http://lod.cedar-project.nl:8888/cedar/resource/VT_1859_01_H1-S3-H101-h,13,,,http://lod.cedar-project.nl/vocab/cedar-Kom#BinnenKom,
102,http://lod.cedar-project.nl:8888/cedar/resource/VT_1859_01_H1-S3-H102-h,1690,,,http://lod.cedar-project.nl/vocab/cedar-Kom#BinnenKom,
103,http://lod.cedar-project.nl:8888/cedar/resource/VT_1859_01_H1-S3-H103-h,4,,,http://lod.cedar-project.nl/vocab/cedar-Kom#BinnenKom,
104,http://lod.cedar-project.nl:8888/cedar/resource/VT_1859_01_H1-S3-H104-h,1943,,,http://lod.cedar-project.nl/vocab/cedar-Kom#BinnenKom,
105,http://lod.cedar-project.nl:8888/cedar/resource/VT_1859_01_H1-S3-H105-h,9,,,http://lod.cedar-project.nl/vocab/cedar-Kom#BinnenKom,
106,http://lod.cedar-project.nl:8888/cedar/resource/VT_1859_01_H1-S3-H106-h,224,,,http://lod.cedar-project.nl/vocab/cedar-Kom#BinnenKom,
107,http://lod.cedar-project.nl:8888/cedar/resource/VT_1859_01_H1-S3-H107-h,3,,,http://lod.cedar-project.nl/vocab/cedar-Kom#BinnenKom,
108,http://lod.cedar-project.nl:8888/cedar/resource/VT_1859_01_H1-S3-H108-h,784,,,http://lod.cedar-project.nl/vocab/cedar-Kom#BinnenKom,
109,http://lod.cedar-project.nl:8888/cedar/resource/VT_1859_01_H1-S3-H109-h,13,,,http://lod.cedar-project.nl/vocab/cedar-Kom#BinnenKom,
110,http://lod.cedar-project.nl:8888/cedar/resource/VT_1859_01_H1-S3-H110-h,1123,,,http://lod.cedar-project.nl/vocab/cedar-Kom#BinnenKom,
111,http://lod.cedar-project.nl:8888/cedar/resource/VT_1859_01_H1-S3-H111-h,96,,,http://lod.cedar-project.nl/vocab/cedar-Kom#BinnenKom,
112,http://lod.cedar-project.nl:8888/cedar/resource/VT_1859_01_H1-S3-H112-h,1656,,,http://lod.cedar-project.nl/vocab/cedar-Kom#BinnenKom,
113,http://lod.cedar-project.nl:8888/cedar/resource/VT_1859_01_H1-S3-H113-h,19,,,http://lod.cedar-project.nl/vocab/cedar-Kom#BinnenKom,
114,http://lod.cedar-project.nl:8888/cedar/resource/VT_1859_01_H1-S3-H114-h,399,,,http://lod.cedar-project.nl/vocab/cedar-Kom#BinnenKom,
115,http://lod.cedar-project.nl:8888/cedar/resource/VT_1859_01_H1-S3-H115-h,5,,,http://lod.cedar-project.nl/vocab/cedar-Kom#BinnenKom,
118,http://lod.cedar-project.nl:8888/cedar/resource/VT_1859_01_H1-S3-H118-h,201,,,http://lod.cedar-project.nl/vocab/cedar-Kom#BuitenKom,
119,http://lod.cedar-project.nl:8888/cedar/resource/VT_1859_01_H1-S3-H119-h,588,,,http://lod.cedar-project.nl/vocab/cedar-Kom#BuitenKom,
120,http://lod.cedar-project.nl:8888/cedar/resource/VT_1859_01_H1-S3-H120-h,4,,,http://lod.cedar-project.nl/vocab/cedar-Kom#BuitenKom,
121,http://lod.cedar-project.nl:8888/cedar/resource/VT_1859_01_H1-S3-H121-h,170,,,http://lod.cedar-project.nl/vocab/cedar-Kom#BuitenKom,
122,http://lod.cedar-project.nl:8888/cedar/resource/VT_1859_01_H1-S3-H122-h,4,,,http://lod.cedar-project.nl/vocab/cedar-Kom#BuitenKom,
123,http://lod.cedar-project.nl:8888/cedar/resource/VT_1859_01_H1-S3-H123-h,197,,,http://lod.cedar-project.nl/vocab/cedar-Kom#BuitenKom,
41,http://lod.cedar-project.nl:8888/cedar/resource/VT_1859_01_H1-S3-H41-h,863,,,http://lod.cedar-project.nl/vocab/cedar-Kom#BinnenKom,
42,http://lod.cedar-project.nl:8888/cedar/resource/VT_1859_01_H1-S3-H42-h,489,,,http://lod.cedar-project.nl/vocab/cedar-Kom#BinnenKom,
43,http://lod.cedar-project.nl:8888/cedar/resource/VT_1859_01_H1-S3-H43-h,4,,,http://lod.cedar-project.nl/vocab/cedar-Kom#BinnenKom,
44,http://lod.cedar-project.nl:8888/cedar/resource/VT_1859_01_H1-S3-H44-h,1140,,,http://lod.cedar-project.nl/vocab/cedar-Kom#BinnenKom,
45,http://lod.cedar-project.nl:8888/cedar/resource/VT_1859_01_H1-S3-H45-h,6,,,http://lod.cedar-project.nl/vocab/cedar-Kom#BinnenKom,
46,http://lod.cedar-project.nl:8888/cedar/resource/VT_1859_01_H1-S3-H46-h,588,,,http://lod.cedar-project.nl/vocab/cedar-Kom#BinnenKom,
47,http://lod.cedar-project.nl:8888/cedar/resource/VT_1859_01_H1-S3-H47-h,1,,,http://lod.cedar-project.nl/vocab/cedar-Kom#BinnenKom,
48,http://lod.cedar-project.nl:8888/cedar/resource/VT_1859_01_H1-S3-H48-h,700,,,http://lod.cedar-project.nl/vocab/cedar-Kom#BinnenKom,
49,http://lod.cedar-project.nl:8888/cedar/resource/VT_1859_01_H1-S3-H49-h,598,,,http://lod.cedar-project.nl/vocab/cedar-Kom#BinnenKom,
50,http://lod.cedar-project.nl:8888/cedar/resource/VT_1859_01_H1-S3-H50-h,2,,,http://lod.cedar-project.nl/vocab/cedar-Kom#BinnenKom,
51,http://lod.cedar-project.nl:8888/cedar/resource/VT_1859_01_H1-S3-H51-h,627,,,http://lod.cedar-project.nl/vocab/cedar-Kom#BinnenKom,
52,http://lod.cedar-project.nl:8888/cedar/resource/VT_1859_01_H1-S3-H52-h,6,,,http://lod.cedar-project.nl/vocab/cedar-Kom#BinnenKom,
53,http://lod.cedar-project.nl:8888/cedar/resource/VT_1859_01_H1-S3-H53-h,1049,,,http://lod.cedar-project.nl/vocab/cedar-Kom#BinnenKom,
54,http://lod.cedar-project.nl:8888/cedar/resource/VT_1859_01_H1-S3-H54-h,7,,,http://lod.cedar-project.nl/vocab/cedar-Kom#BinnenKom,
55,http://lod.cedar-project.nl:8888/cedar/resource/VT_1859_01_H1-S3-H55-h,1022,,,http://lod.cedar-project.nl/vocab/cedar-Kom#BinnenKom,
56,http://lod.cedar-project.nl:8888/cedar/resource/VT_1859_01_H1-S3-H56-h,1169,,,http://lod.cedar-project.nl/vocab/cedar-Kom#BinnenKom,
57,http://lod.cedar-project.nl:8888/cedar/resource/VT_1859_01_H1-S3-H57-h,1,,,http://lod.cedar-project.nl/vocab/cedar-Kom#BinnenKom,
58,http://lod.cedar-project.nl:8888/cedar/resource/VT_1859_01_H1-S3-H58-h,1117,,,http://lod.cedar-project.nl/vocab/cedar-Kom#BinnenKom,
59,http://lod.cedar-project.nl:8888/cedar/resource/VT_1859_01_H1-S3-H59-h,8,,,http://lod.cedar-project.nl/vocab/cedar-Kom#BinnenKom,
60,http://lod.cedar-project.nl:8888/cedar/resource/VT_1859_01_H1-S3-H60-h,925,,,http://lod.cedar-project.nl/vocab/cedar-Kom#BinnenKom,
61,http://lod.cedar-project.nl:8888/cedar/resource/VT_1859_01_H1-S3-H61-h,11,,,http://lod.cedar-project.nl/vocab/cedar-Kom#BinnenKom,
62,http://lod.cedar-project.nl:8888/cedar/resource/VT_1859_01_H1-S3-H62-h,1016,,,http://lod.cedar-project.nl/vocab/cedar-Kom#BinnenKom,
63,http://lod.cedar-project.nl:8888/cedar/resource/VT_1859_01_H1-S3-H63-h,6,,,http://lod.cedar-project.nl/vocab/cedar-Kom#BinnenKom,
64,http://lod.cedar-project.nl:8888/cedar/resource/VT_1859_01_H1-S3-H64-h,1162,,,http://lod.cedar-project.nl/vocab/cedar-Kom#BinnenKom,
65,http://lod.cedar-project.nl:8888/cedar/resource/VT_1859_01_H1-S3-H65-h,1,,,http://lod.cedar-project.nl/vocab/cedar-Kom#BinnenKom,
66,http://lod.cedar-project.nl:8888/cedar/resource/VT_1859_01_H1-S3-H66-h,861,,,http://lod.cedar-project.nl/vocab/cedar-Kom#BinnenKom,
67,http://lod.cedar-project.nl:8888/cedar/resource/VT_1859_01_H1-S3-H67-h,688,,,http://lod.cedar-project.nl/vocab/cedar-Kom#BinnenKom,
68,http://lod.cedar-project.nl:8888/cedar/resource/VT_1859_01_H1-S3-H68-h,843,,,http://lod.cedar-project.nl/vocab/cedar-Kom#BinnenKom,
69,http://lod.cedar-project.nl:8888/cedar/resource/VT_1859_01_H1-S3-H69-h,2,,,http://lod.cedar-project.nl/vocab/cedar-Kom#BinnenKom,
70,http://lod.cedar-project.nl:8888/cedar/resource/VT_1859_01_H1-S3-H70-h,633,,,http://lod.cedar-project.nl/vocab/cedar-Kom#BinnenKom,
71,http://lod.cedar-project.nl:8888/cedar/resource/VT_1859_01_H1-S3-H71-h,2344,,,http://lod.cedar-project.nl/vocab/cedar-Kom#BinnenKom,
72,http://lod.cedar-project.nl:8888/cedar/resource/VT_1859_01_H1-S3-H72-h,1,,,http://lod.cedar-project.nl/vocab/cedar-Kom#BinnenKom,
73,http://lod.cedar-project.nl:8888/cedar/resource/VT_1859_01_H1-S3-H73-h,1629,,,http://lod.cedar-project.nl/vocab/cedar-Kom#BinnenKom,
74,http://lod.cedar-project.nl:8888/cedar/resource/VT_1859_01_H1-S3-H74-h,140,,,http://lod.cedar-project.nl/vocab/cedar-Kom#BinnenKom,
75,http://lod.cedar-project.nl:8888/cedar/resource/VT_1859_01_H1-S3-H75-h,888,,,http://lod.cedar-project.nl/vocab/cedar-Kom#BinnenKom,
76,http://lod.cedar-project.nl:8888/cedar/resource/VT_1859_01_H1-S3-H76-h,3,,,http://lod.cedar-project.nl/vocab/cedar-Kom#BinnenKom,
77,http://lod.cedar-project.nl:8888/cedar/resource/VT_1859_01_H1-S3-H77-h,1691,,,http://lod.cedar-project.nl/vocab/cedar-Kom#BinnenKom,
78,http://lod.cedar-project.nl:8888/cedar/resource/VT_1859_01_H1-S3-H78-h,9,,,http://lod.cedar-project.nl/vocab/cedar-Kom#BinnenKom,
79,http://lod.cedar-project.nl:8888/cedar/resource/VT_1859_01_H1-S3-H79-h,1084,,,http://lod.cedar-project.nl/vocab/cedar-Kom#BinnenKom,
80,http://lod.cedar-project.nl:8888/cedar/resource/VT_1859_01_H1-S3-H80-h,819,,,http://lod.cedar-project.nl/vocab/cedar-Kom#BinnenKom,
81,http://lod.cedar-project.nl:8888/cedar/resource/VT_1859_01_H1-S3-H81-h,13,,,http://lod.cedar-project.nl/vocab/cedar-Kom#BinnenKom,
82,http://lod.cedar-project.nl:8888/cedar/resource/VT_1859_01_H1-S3-H82-h,1507,,,http://lod.cedar-project.nl/vocab/cedar-Kom#BinnenKom,
83,http://lod.cedar-project.nl:8888/cedar/resource/VT_1859_01_H1-S3-H83-h,23,,,http://lod.cedar-project.nl/vocab/cedar-Kom#BinnenKom,
84,http://lod.cedar-project.nl:8888/cedar/resource/VT_1859_01_H1-S3-H84-h,1401,,,http://lod.cedar-project.nl/vocab/cedar-Kom#BinnenKom,
85,http://lod.cedar-project.nl:8888/cedar/resource/VT_1859_01_H1-S3-H85-h,1121,,,http://lod.cedar-project.nl/vocab/cedar-Kom#BinnenKom,
86,http://lod.cedar-project.nl:8888/cedar/resource/VT_1859_01_H1-S3-H86-h,1481,,,http://lod.cedar-project.nl/vocab/cedar-Kom#BinnenKom,
87,http://lod.cedar-project.nl:8888/cedar/resource/VT_1859_01_H1-S3-H87-h,1045,,,http://lod.cedar-project.nl/vocab/cedar-Kom#BinnenKom,
88,http://lod.cedar-project.nl:8888/cedar/resource/VT_1859_01_H1-S3-H88-h,1442,,,http://lod.cedar-project.nl/vocab/cedar-Kom#BinnenKom,
89,http://lod.cedar-project.nl:8888/cedar/resource/VT_1859_01_H1-S3-H89-h,1016,,,http://lod.cedar-project.nl/vocab/cedar-Kom#BinnenKom,
100,http://lod.cedar-project.nl:8888/cedar/resource/VT_1859_01_H1-S3-I100-h,2936,,http://lod.cedar-project.nl/vocab/cedar-residenceStatus#JuridischAanwezig,http://lod.cedar-project.nl/vocab/cedar-Kom#BinnenKom,http://purl.org/linked-data/sdmx/2009/code#sex-M
101,http://lod.cedar-project.nl:8888/cedar/resource/VT_1859_01_H1-S3-I101-h,28,,http://lod.cedar-project.nl/vocab/cedar-residenceStatus#JuridischAanwezig,http://lod.cedar-project.nl/vocab/cedar-Kom#BinnenKom,http://purl.org/linked-data/sdmx/2009/code#sex-M
102,http://lod.cedar-project.nl:8888/cedar/resource/VT_1859_01_H1-S3-I102-h,3427,,http://lod.cedar-project.nl/vocab/cedar-residenceStatus#JuridischAanwezig,http://lod.cedar-project.nl/vocab/cedar-Kom#BinnenKom,http://purl.org/linked-data/sdmx/2009/code#sex-M
103,http://lod.cedar-project.nl:8888/cedar/resource/VT_1859_01_H1-S3-I103-h,14,,http://lod.cedar-project.nl/vocab/cedar-residenceStatus#JuridischAanwezig,http://lod.cedar-project.nl/vocab/cedar-Kom#BinnenKom,http://purl.org/linked-data/sdmx/2009/code#sex-M
104,http://lod.cedar-project.nl:8888/cedar/resource/VT_1859_01_H1-S3-I104-h,3887,,http://lod.cedar-project.nl/vocab/cedar-residenceStatus#JuridischAanwezig,http://lod.cedar-project.nl/vocab/cedar-Kom#BinnenKom,http://purl.org/linked-data/sdmx/2009/code#sex-M
105,http://lod.cedar-project.nl:8888/cedar/resource/VT_1859_01_H1-S3-I105-h,27,,http://lod.cedar-project.nl/vocab/cedar-residenceStatus#JuridischAanwezig,http://lod.cedar-project.nl/vocab/cedar-Kom#BinnenKom,http://purl.org/linked-data/sdmx/2009/code#sex-M
106,http://lod.cedar-project.nl:8888/cedar/resource/VT_1859_01_H1-S3-I106-h,860,,http://lod.cedar-project.nl/vocab/cedar-residenceStatus#JuridischAanwezig,http://lod.cedar-project.nl/vocab/cedar-Kom#BinnenKom,http://purl.org/linked-data/sdmx/2009/code#sex-M
107,http://lod.cedar-project.nl:8888/cedar/resource/VT_1859_01_H1-S3-I107-h,8,,http://lod.cedar-project.nl/vocab/cedar-residenceStatus#JuridischAanwezig,http://lod.cedar-project.nl/vocab/cedar-Kom#BinnenKom,http://purl.org/linked-data/sdmx/2009/code#sex-M
108,http://lod.cedar-project.nl:8888/cedar/resource/VT_1859_01_H1-S3-I108-h,1579,,http://lod.cedar-project.nl/vocab/cedar-residenceStatus#JuridischAanwezig,http://lod.cedar-project.nl/vocab/cedar-Kom#BinnenKom,http://purl.org/linked-data/sdmx/2009/code#sex-M
109,http://lod.cedar-project.nl:8888/cedar/resource/VT_1859_01_H1-S3-I109-h,29,,http://lod.cedar-project.nl/vocab/cedar-residenceStatus#JuridischAanwezig,http://lod.cedar-project.nl/vocab/cedar-Kom#BinnenKom,http://purl.org/linked-data/sdmx/2009/code#sex-M
110,http://lod.cedar-project.nl:8888/cedar/resource/VT_1859_01_H1-S3-I110-h,2166,,http://lod.cedar-project.nl/vocab/cedar-residenceStatus#JuridischAanwezig,http://lod.cedar-project.nl/vocab/cedar-Kom#BinnenKom,http://purl.org/linked-data/sdmx/2009/code#sex-M
111,http://lod.cedar-project.nl:8888/cedar/resource/VT_1859_01_H1-S3-I111-h,265,,http://lod.cedar-project.nl/vocab/cedar-residenceStatus#JuridischAanwezig,http://lod.cedar-project.nl/vocab/cedar-Kom#BinnenKom,http://purl.org/linked-data/sdmx/2009/code#sex-M
112,http://lod.cedar-project.nl:8888/cedar/resource/VT_1859_01_H1-S3-I112-h,3216,,http://lod.cedar-project.nl/vocab/cedar-residenceStatus#JuridischAanwezig,http://lod.cedar-project.nl/vocab/cedar-Kom#BinnenKom,http://purl.org/linked-data/sdmx/2009/code#sex-M
113,http://lod.cedar-project.nl:8888/cedar/resource/VT_1859_01_H1-S3-I113-h,54,,http://lod.cedar-project.nl/vocab/cedar-residenceStatus#JuridischAanwezig,http://lod.cedar-project.nl/vocab/cedar-Kom#BinnenKom,http://purl.org/linked-data/sdmx/2009/code#sex-M
114,http://lod.cedar-project.nl:8888/cedar/resource/VT_1859_01_H1-S3-I114-h,859,,http://lod.cedar-project.nl/vocab/cedar-residenceStatus#JuridischAanwezig,http://lod.cedar-project.nl/vocab/cedar-Kom#BinnenKom,http://purl.org/linked-data/sdmx/2009/code#sex-M
115,http://lod.cedar-project.nl:8888/cedar/resource/VT_1859_01_H1-S3-I115-h,14,,http://lod.cedar-project.nl/vocab/cedar-residenceStatus#JuridischAanwezig,http://lod.cedar-project.nl/vocab/cedar-Kom#BinnenKom,http://purl.org/linked-data/sdmx/2009/code#sex-M
118,http://lod.cedar-project.nl:8888/cedar/resource/VT_1859_01_H1-S3-I118-h,387,,http://lod.cedar-project.nl/vocab/cedar-residenceStatus#JuridischAanwezig,http://lod.cedar-project.nl/vocab/cedar-Kom#BuitenKom,http://purl.org/linked-data/sdmx/2009/code#sex-M
119,http://lod.cedar-project.nl:8888/cedar/resource/VT_1859_01_H1-S3-I119-h,1283,,http://lod.cedar-project.nl/vocab/cedar-residenceStatus#JuridischAanwezig,http://lod.cedar-project.nl/vocab/cedar-Kom#BuitenKom,http://purl.org/linked-data/sdmx/2009/code#sex-M
120,http://lod.cedar-project.nl:8888/cedar/resource/VT_1859_01_H1-S3-I120-h,10,,http://lod.cedar-project.nl/vocab/cedar-residenceStatus#JuridischAanwezig,http://lod.cedar-project.nl/vocab/cedar-Kom#BuitenKom,http://purl.org/linked-data/sdmx/2009/code#sex-M
121,http://lod.cedar-project.nl:8888/cedar/resource/VT_1859_01_H1-S3-I121-h,331,,http://lod.cedar-project.nl/vocab/cedar-residenceStatus#JuridischAanwezig,http://lod.cedar-project.nl/vocab/cedar-Kom#BuitenKom,http://purl.org/linked-data/sdmx/2009/code#sex-M
122,http://lod.cedar-project.nl:8888/cedar/resource/VT_1859_01_H1-S3-I122-h,8,,http://lod.cedar-project.nl/vocab/cedar-residenceStatus#JuridischAanwezig,http://lod.cedar-project.nl/vocab/cedar-Kom#BuitenKom,http://purl.org/linked-data/sdmx/2009/code#sex-M
123,http://lod.cedar-project.nl:8888/cedar/resource/VT_1859_01_H1-S3-I123-h,413,,http://lod.cedar-project.nl/vocab/cedar-residenceStatus#JuridischAanwezig,http://lod.cedar-project.nl/vocab/cedar-Kom#BuitenKom,http://purl.org/linked-data/sdmx/2009/code#sex-M
41,http://lod.cedar-project.nl:8888/cedar/resource/VT_1859_01_H1-S3-I41-h,1788,,http://lod.cedar-project.nl/vocab/cedar-residenceStatus#JuridischAanwezig,http://lod.cedar-project.nl/vocab/cedar-Kom#BinnenKom,http://purl.org/linked-data/sdmx/2009/code#sex-M
42,http://lod.cedar-project.nl:8888/cedar/resource/VT_1859_01_H1-S3-I42-h,1422,,http://lod.cedar-project.nl/vocab/cedar-residenceStatus#JuridischAanwezig,http://lod.cedar-project.nl/vocab/cedar-Kom#BinnenKom,http://purl.org/linked-data/sdmx/2009/code#sex-M
43,http://lod.cedar-project.nl:8888/cedar/resource/VT_1859_01_H1-S3-I43-h,14,,http://lod.cedar-project.nl/vocab/cedar-residenceStatus#JuridischAanwezig,http://lod.cedar-project.nl/vocab/cedar-Kom#BinnenKom,http://purl.org/linked-data/sdmx/2009/code#sex-M
44,http://lod.cedar-project.nl:8888/cedar/resource/VT_1859_01_H1-S3-I44-h,2739,,http://lod.cedar-project.nl/vocab/cedar-residenceStatus#JuridischAanwezig,http://lod.cedar-project.nl/vocab/cedar-Kom#BinnenKom,http://purl.org/linked-data/sdmx/2009/code#sex-M
45,http://lod.cedar-project.nl:8888/cedar/resource/VT_1859_01_H1-S3-I45-h,20,,http://lod.cedar-project.nl/vocab/cedar-residenceStatus#JuridischAanwezig,http://lod.cedar-project.nl/vocab/cedar-Kom#BinnenKom,http://purl.org/linked-data/sdmx/2009/code#sex-M
46,http://lod.cedar-project.nl:8888/cedar/resource/VT_1859_01_H1-S3-I46-h,1295,,http://lod.cedar-project.nl/vocab/cedar-residenceStatus#JuridischAanwezig,http://lod.cedar-project.nl/vocab/cedar-Kom#BinnenKom,http://purl.org/linked-data/sdmx/2009/code#sex-M
47,http://lod.cedar-project.nl:8888/cedar/resource/VT_1859_01_H1-S3-I47-h,1,,http://lod.cedar-project.nl/vocab/cedar-residenceStatus#JuridischAanwezig,http://lod.cedar-project.nl/vocab/cedar-Kom#BinnenKom,http://purl.org/linked-data/sdmx/2009/code#sex-M
48,http://lod.cedar-project.nl:8888/cedar/resource/VT_1859_01_H1-S3-I48-h,1613,,http://lod.cedar-project.nl/vocab/cedar-residenceStatus#JuridischAanwezig,http://lod.cedar-project.nl/vocab/cedar-Kom#BinnenKom,http://purl.org/linked-data/sdmx/2009/code#sex-M
49,http://lod.cedar-project.nl:8888/cedar/resource/VT_1859_01_H1-S3-I49-h,1237,,http://lod.cedar-project.nl/vocab/cedar-residenceStatus#JuridischAanwezig,http://lod.cedar-project.nl/vocab/cedar-Kom#BinnenKom,http://purl.org/linked-data/sdmx/2009/code#sex-M
50,http://lod.cedar-project.nl:8888/cedar/resource/VT_1859_01_H1-S3-I50-h,10,,http://lod.cedar-project.nl/vocab/cedar-residenceStatus#JuridischAanwezig,http://lod.cedar-project.nl/vocab/cedar-Kom#BinnenKom,http://purl.org/linked-data/sdmx/2009/code#sex-M
51,http://lod.cedar-project.nl:8888/cedar/resource/VT_1859_01_H1-S3-I51-h,1328,,http://lod.cedar-project.nl/vocab/cedar-residenceStatus#JuridischAanwezig,http://lod.cedar-project.nl/vocab/cedar-Kom#BinnenKom,http://purl.org/linked-data/sdmx/2009/code#sex-M
52,http://lod.cedar-project.nl:8888/cedar/resource/VT_1859_01_H1-S3-I52-h,13,,http://lod.cedar-project.nl/vocab/cedar-residenceStatus#JuridischAanwezig,http://lod.cedar-project.nl/vocab/cedar-Kom#BinnenKom,http://purl.org/linked-data/sdmx/2009/code#sex-M
53,http://lod.cedar-project.nl:8888/cedar/resource/VT_1859_01_H1-S3-I53-h,2266,,http://lod.cedar-project.nl/vocab/cedar-residenceStatus#JuridischAanwezig,http://lod.cedar-project.nl/vocab/cedar-Kom#BinnenKom,http://purl.org/linked-data/sdmx/2009/code#sex-M
54,http://lod.cedar-project.nl:8888/cedar/resource/VT_1859_01_H1-S3-I54-h,22,,http://lod.cedar-project.nl/vocab/cedar-residenceStatus#JuridischAanwezig,http://lod.cedar-project.nl/vocab/cedar-Kom#BinnenKom,http://purl.org/linked-data/sdmx/2009/code#sex-M
55,http://lod.cedar-project.nl:8888/cedar/resource/VT_1859_01_H1-S3-I55-h,2271,,http://lod.cedar-project.nl/vocab/cedar-residenceStatus#JuridischAanwezig,http://lod.cedar-project.nl/vocab/cedar-Kom#BinnenKom,http://purl.org/linked-data/sdmx/2009/code#sex-M
56,http://lod.cedar-project.nl:8888/cedar/resource/VT_1859_01_H1-S3-I56-h,2430,,http://lod.cedar-project.nl/vocab/cedar-residenceStatus#JuridischAanwezig,http://lod.cedar-project.nl/vocab/cedar-Kom#BinnenKom,http://purl.org/linked-data/sdmx/2009/code#sex-M
57,http://lod.cedar-project.nl:8888/cedar/resource/VT_1859_01_H1-S3-I57-h,1,,http://lod.cedar-project.nl/vocab/cedar-residenceStatus#JuridischAanwezig,http://lod.cedar-project.nl/vocab/cedar-Kom#BinnenKom,http://purl.org/linked-data/sdmx/2009/code#sex-M
58,http://lod.cedar-project.nl:8888/cedar/resource/VT_1859_01_H1-S3-I58-h,2564,,http://lod.cedar-project.nl/vocab/cedar-residenceStatus#JuridischAanwezig,http://lod.cedar-project.nl/vocab/cedar-Kom#BinnenKom,http://purl.org/linked-data/sdmx/2009/code#sex-M
59,http://lod.cedar-project.nl:8888/cedar/resource/VT_1859_01_H1-S3-I59-h,13,,http://lod.cedar-project.nl/vocab/cedar-residenceStatus#JuridischAanwezig,http://lod.cedar-project.nl/vocab/cedar-Kom#BinnenKom,http://purl.org/linked-data/sdmx/2009/code#sex-M
60,http://lod.cedar-project.nl:8888/cedar/resource/VT_1859_01_H1-S3-I60-h,1900,,http://lod.cedar-project.nl/vocab/cedar-residenceStatus#JuridischAanwezig,http://lod.cedar-project.nl/vocab/cedar-Kom#BinnenKom,http://purl.org/linked-data/sdmx/2009/code#sex-M
61,http://lod.cedar-project.nl:8888/cedar/resource/VT_1859_01_H1-S3-I61-h,25,,http://lod.cedar-project.nl/vocab/cedar-residenceStatus#JuridischAanwezig,http://lod.cedar-project.nl/vocab/cedar-Kom#BinnenKom,http://purl.org/linked-data/sdmx/2009/code#sex-M
62,http://lod.cedar-project.nl:8888/cedar/resource/VT_1859_01_H1-S3-I62-h,2084,,http://lod.cedar-project.nl/vocab/cedar-residenceStatus#JuridischAanwezig,http://lod.cedar-project.nl/vocab/cedar-Kom#BinnenKom,http://purl.org/linked-data/sdmx/2009/code#sex-M
63,http://lod.cedar-project.nl:8888/cedar/resource/VT_1859_01_H1-S3-I63-h,11,,http://lod.cedar-project.nl/vocab/cedar-residenceStatus#JuridischAanwezig,http://lod.cedar-project.nl/vocab/cedar-Kom#BinnenKom,http://purl.org/linked-data/sdmx/2009/code#sex-M
64,http://lod.cedar-project.nl:8888/cedar/resource/VT_1859_01_H1-S3-I64-h,2330,,http://lod.cedar-project.nl/vocab/cedar-residenceStatus#JuridischAanwezig,http://lod.cedar-project.nl/vocab/cedar-Kom#BinnenKom,http://purl.org/linked-data/sdmx/2009/code#sex-M
65,http://lod.cedar-project.nl:8888/cedar/resource/VT_1859_01_H1-S3-I65-h,4,,http://lod.cedar-project.nl/vocab/cedar-residenceStatus#JuridischAanwezig,http://lod.cedar-project.nl/vocab/cedar-Kom#BinnenKom,http://purl.org/linked-data/sdmx/2009/code#sex-M
66,http://lod.cedar-project.nl:8888/cedar/resource/VT_1859_01_H1-S3-I66-h,2470,,http://lod.cedar-project.nl/vocab/cedar-residenceStatus#JuridischAanwezig,http://lod.cedar-project.nl/vocab/cedar-Kom#BinnenKom,http://purl.org/linked-data/sdmx/2009/code#sex-M
67,http://lod.cedar-project.nl:8888/cedar/resource/VT_1859_01_H1-S3-I67-h,1778,,http://lod.cedar-project.nl/vocab/cedar-residenceStatus#JuridischAanwezig,http://lod.cedar-project.nl/vocab/cedar-Kom#BinnenKom,http://purl.org/linked-data/sdmx/2009/code#sex-M
68,http://lod.cedar-project.nl:8888/cedar/resource/VT_1859_01_H1-S3-I68-h,2011,,http://lod.cedar-project.nl/vocab/cedar-residenceStatus#JuridischAanwezig,http://lod.cedar-project.nl/vocab/cedar-Kom#BinnenKom,http://purl.org/linked-data/sdmx/2009/code#sex-M
69,http://lod.cedar-project.nl:8888/cedar/resource/VT_1859_01_H1-S3-I69-h,6,,http://lod.cedar-project.nl/vocab/cedar-residenceStatus#JuridischAanwezig,http://lod.cedar-project.nl/vocab/cedar-Kom#BinnenKom,http://purl.org/linked-data/sdmx/2009/code#sex-M
70,http://lod.cedar-project.nl:8888/cedar/resource/VT_1859_01_H1-S3-I70-h,1569,,http://lod.cedar-project.nl/vocab/cedar-residenceStatus#JuridischAanwezig,http://lod.cedar-project.nl/vocab/cedar-Kom#BinnenKom,http://purl.org/linked-data/sdmx/2009/code#sex-M
71,http://lod.cedar-project.nl:8888/cedar/resource/VT_1859_01_H1-S3-I71-h,5017,,http://lod.cedar-project.nl/vocab/cedar-residenceStatus#JuridischAanwezig,http://lod.cedar-project.nl/vocab/cedar-Kom#BinnenKom,http://purl.org/linked-data/sdmx/2009/code#sex-M
72,http://lod.cedar-project.nl:8888/cedar/resource/VT_1859_01_H1-S3-I72-h,1,,http://lod.cedar-project.nl/vocab/cedar-residenceStatus#JuridischAanwezig,http://lod.cedar-project.nl/vocab/cedar-Kom#BinnenKom,http://purl.org/linked-data/sdmx/2009/code#sex-M
73,http://lod.cedar-project.nl:8888/cedar/resource/VT_1859_01_H1-S3-I73-h,3405,,http://lod.cedar-project.nl/vocab/cedar-residenceStatus#JuridischAanwezig,http://lod.cedar-project.nl/vocab/cedar-Kom#BinnenKom,http://purl.org/linked-data/sdmx/2009/code#sex-M
74,http://lod.cedar-project.nl:8888/cedar/resource/VT_1859_01_H1-S3-I74-h,575,,http://lod.cedar-project.nl/vocab/cedar-residenceStatus#JuridischAanwezig,http://lod.cedar-project.nl/vocab/cedar-Kom#BinnenKom,http://purl.org/linked-data/sdmx/2009/code#sex-M
75,http://lod.cedar-project.nl:8888/cedar/resource/VT_1859_01_H1-S3-I75-h,2060,,http://lod.cedar-project.nl/vocab/cedar-residenceStatus#JuridischAanwezig,http://lod.cedar-project.nl/vocab/cedar-Kom#BinnenKom,http://purl.org/linked-data/sdmx/2009/code#sex-M
76,http://lod.cedar-project.nl:8888/cedar/resource/VT_1859_01_H1-S3-I76-h,7,,http://lod.cedar-project.nl/vocab/cedar-residenceStatus#JuridischAanwezig,http://lod.cedar-project.nl/vocab/cedar-Kom#BinnenKom,http://purl.org/linked-data/sdmx/2009/code#sex-M
77,http://lod.cedar-project.nl:8888/cedar/resource/VT_1859_01_H1-S3-I77-h,4347,,http://lod.cedar-project.nl/vocab/cedar-residenceStatus#JuridischAanwezig,http://lod.cedar-project.nl/vocab/cedar-Kom#BinnenKom,http://purl.org/linked-data/sdmx/2009/code#sex-M
78,http://lod.cedar-project.nl:8888/cedar/resource/VT_1859_01_H1-S3-I78-h,25,,http://lod.cedar-project.nl/vocab/cedar-residenceStatus#JuridischAanwezig,http://lod.cedar-project.nl/vocab/cedar-Kom#BinnenKom,http://purl.org/linked-data/sdmx/2009/code#sex-M
79,http://lod.cedar-project.nl:8888/cedar/resource/VT_1859_01_H1-S3-I79-h,2188,,http://lod.cedar-project.nl/vocab/cedar-residenceStatus#JuridischAanwezig,http://lod.cedar-project.nl/vocab/cedar-Kom#BinnenKom,http://purl.org/linked-data/sdmx/2009/code#sex-M
80,http://lod.cedar-project.nl:8888/cedar/resource/VT_1859_01_H1-S3-I80-h,1762,,http://lod.cedar-project.nl/vocab/cedar-residenceStatus#JuridischAanwezig,http://lod.cedar-project.nl/vocab/cedar-Kom#BinnenKom,http://purl.org/linked-data/sdmx/2009/code#sex-M
81,http://lod.cedar-project.nl:8888/cedar/resource/VT_1859_01_H1-S3-I81-h,33,,http://lod.cedar-project.nl/vocab/cedar-residenceStatus#JuridischAanwezig,http://lod.cedar-project.nl/vocab/cedar-Kom#BinnenKom,http://purl.org/linked-data/sdmx/2009/code#sex-M
82,http://lod.cedar-project.nl:8888/cedar/resource/VT_1859_01_H1-S3-I82-h,3083,,http://lod.cedar-project.nl/vocab/cedar-residenceStatus#JuridischAanwezig,http://lod.cedar-project.nl/vocab/cedar-Kom#BinnenKom,http://purl.org/linked-data/sdmx/2009/code#sex-M
83,http://lod.cedar-project.nl:8888/cedar/resource/VT_1859_01_H1-S3-I83-h,52,,http://lod.cedar-project.nl/vocab/cedar-residenceStatus#JuridischAanwezig,http://lod.cedar-project.nl/vocab/cedar-Kom#BinnenKom,http://purl.org/linked-data/sdmx/2009/code#sex-M
84,http://lod.cedar-project.nl:8888/cedar/resource/VT_1859_01_H1-S3-I84-h,2688,,http://lod.cedar-project.nl/vocab/cedar-residenceStatus#JuridischAanwezig,http://lod.cedar-project.nl/vocab/cedar-Kom#BinnenKom,http://purl.org/linked-data/sdmx/2009/code#sex-M
85,http://lod.cedar-project.nl:8888/cedar/resource/VT_1859_01_H1-S3-I85-h,2239,,http://lod.cedar-project.nl/vocab/cedar-residenceStatus#JuridischAanwezig,http://lod.cedar-project.nl/vocab/cedar-Kom#BinnenKom,http://purl.org/linked-data/sdmx/2009/code#sex-M
86,http://lod.cedar-project.nl:8888/cedar/resource/VT_1859_01_H1-S3-I86-h,2989,,http://lod.cedar-project.nl/vocab/cedar-residenceStatus#JuridischAanwezig,http://lod.cedar-project.nl/vocab/cedar-Kom#BinnenKom,http://purl.org/linked-data/sdmx/2009/code#sex-M
87,http://lod.cedar-project.nl:8888/cedar/resource/VT_1859_01_H1-S3-I87-h,2091,,http://lod.cedar-project.nl/vocab/cedar-residenceStatus#JuridischAanwezig,http://lod.cedar-project.nl/vocab/cedar-Kom#BinnenKom,http://purl.org/linked-data/sdmx/2009/code#sex-M
88,http://lod.cedar-project.nl:8888/cedar/resource/VT_1859_01_H1-S3-I88-h,2860,,http://lod.cedar-project.nl/vocab/cedar-residenceStatus#JuridischAanwezig,http://lod.cedar-project.nl/vocab/cedar-Kom#BinnenKom,http://purl.org/linked-data/sdmx/2009/code#sex-M
89,http://lod.cedar-project.nl:8888/cedar/resource/VT_1859_01_H1-S3-I89-h,2600,,http://lod.cedar-project.nl/vocab/cedar-residenceStatus#JuridischAanwezig,http://lod.cedar-project.nl/vocab/cedar-Kom#BinnenKom,http://purl.org/linked-data/sdmx/2009/code#sex-M
90,http://lod.cedar-project.nl:8888/cedar/resource/VT_1859_01_H1-S3-I90-h,2844,,http://lod.cedar-project.nl/vocab/cedar-residenceStatus#JuridischAanwezig,http://lod.cedar-project.nl/vocab/cedar-Kom#BinnenKom,http://purl.org/linked-data/sdmx/2009/code#sex-M
91,http://lod.cedar-project.nl:8888/cedar/resource/VT_1859_01_H1-S3-I91-h,1799,,http://lod.cedar-project.nl/vocab/cedar-residenceStatus#JuridischAanwezig,http://lod.cedar-project.nl/vocab/cedar-Kom#BinnenKom,http://purl.org/linked-data/sdmx/2009/code#sex-M
92,http://lod.cedar-project.nl:8888/cedar/resource/VT_1859_01_H1-S3-I92-h,1760,,http://lod.cedar-project.nl/vocab/cedar-residenceStatus#JuridischAanwezig,http://lod.cedar-project.nl/vocab/cedar-Kom#BinnenKom,http://purl.org/linked-data/sdmx/2009/code#sex-M
93,http://lod.cedar-project.nl:8888/cedar/resource/VT_1859_01_H1-S3-I93-h,10,,http://lod.cedar-project.nl/vocab/cedar-residenceStatus#JuridischAanwezig,http://lod.cedar-project.nl/vocab/cedar-Kom#BinnenKom,http://purl.org/linked-data/sdmx/2009/code#sex-M
94,http://lod.cedar-project.nl:8888/cedar/resource/VT_1859_01_H1-S3-I94-h,1919,,http://lod.cedar-project.nl/vocab/cedar-residenceStatus#JuridischAanwezig,http://lod.cedar-project.nl/vocab/cedar-Kom#BinnenKom,http://purl.org/linked-data/sdmx/2009/code#sex-M
95,http://lod.cedar-project.nl:8888/cedar/resource/VT_1859_01_H1-S3-I95-h,1103,,http://lod.cedar-project.nl/vocab/cedar-residenceStatus#JuridischAanwezig,http://lod.cedar-project.nl/vocab/cedar-Kom#BinnenKom,http://purl.org/linked-data/sdmx/2009/code#sex-M
96,http://lod.cedar-project.nl:8888/cedar/resource/VT_1859_01_H1-S3-I96-h,23,,http://lod.cedar-project.nl/vocab/cedar-residenceStatus#JuridischAanwezig,http://lod.cedar-project.nl/vocab/cedar-Kom#BinnenKom,http://purl.org/linked-data/sdmx/2009/code#sex-M
97,http://lod.cedar-project.nl:8888/cedar/resource/VT_1859_01_H1-S3-I97-h,2190,,http://lod.cedar-project.nl/vocab/cedar-residenceStatus#JuridischAanwezig,http://lod.cedar-project.nl/vocab/cedar-Kom#BinnenKom,http://purl.org/linked-data/sdmx/2009/code#sex-M
98,http://lod.cedar-project.nl:8888/cedar/resource/VT_1859_01_H1-S3-I98-h,2463,,http://lod.cedar-project.nl/vocab/cedar-residenceStatus#JuridischAanwezig,http://lod.cedar-project.nl/vocab/cedar-Kom#BinnenKom,http://purl.org/linked-data/sdmx/2009/code#sex-M
99,http://lod.cedar-project.nl:8888/cedar/resource/VT_1859_01_H1-S3-I99-h,15,,http://lod.cedar-project.nl/vocab/cedar-residenceStatus#JuridischAanwezig,http://lod.cedar-project.nl/vocab/cedar-Kom#BinnenKom,http://purl.org/linked-data/sdmx/2009/code#sex-M
100,http://lod.cedar-project.nl:8888/cedar/resource/VT_1859_01_H1-S3-J100-h,3406,,http://lod.cedar-project.nl/vocab/cedar-residenceStatus#JuridischAanwezig,http://lod.cedar-project.nl/vocab/cedar-Kom#BinnenKom,http://purl.org/linked-data/sdmx/2009/code#sex-F
101,http://lod.cedar-project.nl:8888/cedar/resource/VT_1859_01_H1-S3-J101-h,29,,http://lod.cedar-project.nl/vocab/cedar-residenceStatus#JuridischAanwezig,http://lod.cedar-project.nl/vocab/cedar-Kom#BinnenKom,http://purl.org/linked-data/sdmx/2009/code#sex-F
102,http://lod.cedar-project.nl:8888/cedar/resource/VT_1859_01_H1-S3-J102-h,4066,,http://lod.cedar-project.nl/vocab/cedar-residenceStatus#JuridischAanwezig,http://lod.cedar-project.nl/vocab/cedar-Kom#BinnenKom,http://purl.org/linked-data/sdmx/2009/code#sex-F
103,http://lod.cedar-project.nl:8888/cedar/resource/VT_1859_01_H1-S3-J103-h,7,,http://lod.cedar-project.nl/vocab/cedar-residenceStatus#JuridischAanwezig,http://lod.cedar-project.nl/vocab/cedar-Kom#BinnenKom,http://purl.org/linked-data/sdmx/2009/code#sex-F
104,http://lod.cedar-project.nl:8888/cedar/resource/VT_1859_01_H1-S3-J104-h,4351,,http://lod.cedar-project.nl/vocab/cedar-residenceStatus#JuridischAanwezig,http://lod.cedar-project.nl/vocab/cedar-Kom#BinnenKom,http://purl.org/linked-data/sdmx/2009/code#sex-F
105,http://lod.cedar-project.nl:8888/cedar/resource/VT_1859_01_H1-S3-J105-h,16,,http://lod.cedar-project.nl/vocab/cedar-residenceStatus#JuridischAanwezig,http://lod.cedar-project.nl/vocab/cedar-Kom#BinnenKom,http://purl.org/linked-data/sdmx/2009/code#sex-F
106,http://lod.cedar-project.nl:8888/cedar/resource/VT_1859_01_H1-S3-J106-h,1379,,http://lod.cedar-project.nl/vocab/cedar-residenceStatus#JuridischAanwezig,http://lod.cedar-project.nl/vocab/cedar-Kom#BinnenKom,http://purl.org/linked-data/sdmx/2009/code#sex-F
107,http://lod.cedar-project.nl:8888/cedar/resource/VT_1859_01_H1-S3-J107-h,8,,http://lod.cedar-project.nl/vocab/cedar-residenceStatus#JuridischAanwezig,http://lod.cedar-project.nl/vocab/cedar-Kom#BinnenKom,http://purl.org/linked-data/sdmx/2009/code#sex-F
108,http://lod.cedar-project.nl:8888/cedar/resource/VT_1859_01_H1-S3-J108-h,2244,,http://lod.cedar-project.nl/vocab/cedar-residenceStatus#JuridischAanwezig,http://lod.cedar-project.nl/vocab/cedar-Kom#BinnenKom,http://purl.org/linked-data/sdmx/2009/code#sex-F
109,http://lod.cedar-project.nl:8888/cedar/resource/VT_1859_01_H1-S3-J109-h,22,,http://lod.cedar-project.nl/vocab/cedar-residenceStatus#JuridischAanwezig,http://lod.cedar-project.nl/vocab/cedar-Kom#BinnenKom,http://purl.org/linked-data/sdmx/2009/code#sex-F
110,http://lod.cedar-project.nl:8888/cedar/resource/VT_1859_01_H1-S3-J110-h,2771,,http://lod.cedar-project.nl/vocab/cedar-residenceStatus#JuridischAanwezig,http://lod.cedar-project.nl/vocab/cedar-Kom#BinnenKom,http://purl.org/linked-data/sdmx/2009/code#sex-F
111,http://lod.cedar-project.nl:8888/cedar/resource/VT_1859_01_H1-S3-J111-h,145,,http://lod.cedar-project.nl/vocab/cedar-residenceStatus#JuridischAanwezig,http://lod.cedar-project.nl/vocab/cedar-Kom#BinnenKom,http://purl.org/linked-data/sdmx/2009/code#sex-F
112,http://lod.cedar-project.nl:8888/cedar/resource/VT_1859_01_H1-S3-J112-h,4020,,http://lod.cedar-project.nl/vocab/cedar-residenceStatus#JuridischAanwezig,http://lod.cedar-project.nl/vocab/cedar-Kom#BinnenKom,http://purl.org/linked-data/sdmx/2009/code#sex-F
113,http://lod.cedar-project.nl:8888/cedar/resource/VT_1859_01_H1-S3-J113-h,37,,http://lod.cedar-project.nl/vocab/cedar-residenceStatus#JuridischAanwezig,http://lod.cedar-project.nl/vocab/cedar-Kom#BinnenKom,http://purl.org/linked-data/sdmx/2009/code#sex-F
114,http://lod.cedar-project.nl:8888/cedar/resource/VT_1859_01_H1-S3-J114-h,953,,http://lod.cedar-project.nl/vocab/cedar-residenceStatus#JuridischAanwezig,http://lod.cedar-project.nl/vocab/cedar-Kom#BinnenKom,http://purl.org/linked-data/sdmx/2009/code#sex-F
115,http://lod.cedar-project.nl:8888/cedar/resource/VT_1859_01_H1-S3-J115-h,18,,http://lod.cedar-project.nl/vocab/cedar-residenceStatus#JuridischAanwezig,http://lod.cedar-project.nl/vocab/cedar-Kom#BinnenKom,http://purl.org/linked-data/sdmx/2009/code#sex-F
118,http://lod.cedar-project.nl:8888/cedar/resource/VT_1859_01_H1-S3-J118-h,488,,http://lod.cedar-project.nl/vocab/cedar-residenceStatus#JuridischAanwezig,http://lod.cedar-project.nl/vocab/cedar-Kom#BuitenKom,http://purl.org/linked-data/sdmx/2009/code#sex-F
119,http://lod.cedar-project.nl:8888/cedar/resource/VT_1859_01_H1-S3-J119-h,1547,,http://lod.cedar-project.nl/vocab/cedar-residenceStatus#JuridischAanwezig,http://lod.cedar-project.nl/vocab/cedar-Kom#BuitenKom,http://purl.org/linked-data/sdmx/2009/code#sex-F
120,http://lod.cedar-project.nl:8888/cedar/resource/VT_1859_01_H1-S3-J120-h,11,,http://lod.cedar-project.nl/vocab/cedar-residenceStatus#JuridischAanwezig,http://lod.cedar-project.nl/vocab/cedar-Kom#BuitenKom,http://purl.org/linked-data/sdmx/2009/code#sex-F
121,http://lod.cedar-project.nl:8888/cedar/resource/VT_1859_01_H1-S3-J121-h,422,,http://lod.cedar-project.nl/vocab/cedar-residenceStatus#JuridischAanwezig,http://lod.cedar-project.nl/vocab/cedar-Kom#BuitenKom,http://purl.org/linked-data/sdmx/2009/code#sex-F
122,http://lod.cedar-project.nl:8888/cedar/resource/VT_1859_01_H1-S3-J122-h,5,,http://lod.cedar-project.nl/vocab/cedar-residenceStatus#JuridischAanwezig,http://lod.cedar-project.nl/vocab/cedar-Kom#BuitenKom,http://purl.org/linked-data/sdmx/2009/code#sex-F
123,http://lod.cedar-project.nl:8888/cedar/resource/VT_1859_01_H1-S3-J123-h,462,,http://lod.cedar-project.nl/vocab/cedar-residenceStatus#JuridischAanwezig,http://lod.cedar-project.nl/vocab/cedar-Kom#BuitenKom,http://purl.org/linked-data/sdmx/2009/code#sex-F
41,http://lod.cedar-project.nl:8888/cedar/resource/VT_1859_01_H1-S3-J41-h,2186,,http://lod.cedar-project.nl/vocab/cedar-residenceStatus#JuridischAanwezig,http://lod.cedar-project.nl/vocab/cedar-Kom#BinnenKom,http://purl.org/linked-data/sdmx/2009/code#sex-F
42,http://lod.cedar-project.nl:8888/cedar/resource/VT_1859_01_H1-S3-J42-h,1850,,http://lod.cedar-project.nl/vocab/cedar-residenceStatus#JuridischAanwezig,http://lod.cedar-project.nl/vocab/cedar-Kom#BinnenKom,http://purl.org/linked-data/sdmx/2009/code#sex-F
43,http://lod.cedar-project.nl:8888/cedar/resource/VT_1859_01_H1-S3-J43-h,11,,http://lod.cedar-project.nl/vocab/cedar-residenceStatus#JuridischAanwezig,http://lod.cedar-project.nl/vocab/cedar-Kom#BinnenKom,http://purl.org/linked-data/sdmx/2009/code#sex-F
44,http://lod.cedar-project.nl:8888/cedar/resource/VT_1859_01_H1-S3-J44-h,3181,,http://lod.cedar-project.nl/vocab/cedar-residenceStatus#JuridischAanwezig,http://lod.cedar-project.nl/vocab/cedar-Kom#BinnenKom,http://purl.org/linked-data/sdmx/2009/code#sex-F
45,http://lod.cedar-project.nl:8888/cedar/resource/VT_1859_01_H1-S3-J45-h,15,,http://lod.cedar-project.nl/vocab/cedar-residenceStatus#JuridischAanwezig,http://lod.cedar-project.nl/vocab/cedar-Kom#BinnenKom,http://purl.org/linked-data/sdmx/2009/code#sex-F
46,http://lod.cedar-project.nl:8888/cedar/resource/VT_1859_01_H1-S3-J46-h,1837,,http://lod.cedar-project.nl/vocab/cedar-residenceStatus#JuridischAanwezig,http://lod.cedar-project.nl/vocab/cedar-Kom#BinnenKom,http://purl.org/linked-data/sdmx/2009/code#sex-F
47,http://lod.cedar-project.nl:8888/cedar/resource/VT_1859_01_H1-S3-J47-h,1,,http://lod.cedar-project.nl/vocab/cedar-residenceStatus#JuridischAanwezig,http://lod.cedar-project.nl/vocab/cedar-Kom#BinnenKom,http://purl.org/linked-data/sdmx/2009/code#sex-F
48,http://lod.cedar-project.nl:8888/cedar/resource/VT_1859_01_H1-S3-J48-h,2355,,http://lod.cedar-project.nl/vocab/cedar-residenceStatus#JuridischAanwezig,http://lod.cedar-project.nl/vocab/cedar-Kom#BinnenKom,http://purl.org/linked-data/sdmx/2009/code#sex-F
49,http://lod.cedar-project.nl:8888/cedar/resource/VT_1859_01_H1-S3-J49-h,1583,,http://lod.cedar-project.nl/vocab/cedar-residenceStatus#JuridischAanwezig,http://lod.cedar-project.nl/vocab/cedar-Kom#BinnenKom,http://purl.org/linked-data/sdmx/2009/code#sex-F
50,http://lod.cedar-project.nl:8888/cedar/resource/VT_1859_01_H1-S3-J50-h,4,,http://lod.cedar-project.nl/vocab/cedar-residenceStatus#JuridischAanwezig,http://lod.cedar-project.nl/vocab/cedar-Kom#BinnenKom,http://purl.org/linked-data/sdmx/2009/code#sex-F
51,http://lod.cedar-project.nl:8888/cedar/resource/VT_1859_01_H1-S3-J51-h,1718,,http://lod.cedar-project.nl/vocab/cedar-residenceStatus#JuridischAanwezig,http://lod.cedar-project.nl/vocab/cedar-Kom#BinnenKom,http://purl.org/linked-data/sdmx/2009/code#sex-F
52,http://lod.cedar-project.nl:8888/cedar/resource/VT_1859_01_H1-S3-J52-h,11,,http://lod.cedar-project.nl/vocab/cedar-residenceStatus#JuridischAanwezig,http://lod.cedar-project.nl/vocab/cedar-Kom#BinnenKom,http://purl.org/linked-data/sdmx/2009/code#sex-F
53,http://lod.cedar-project.nl:8888/cedar/resource/VT_1859_01_H1-S3-J53-h,2714,,http://lod.cedar-project.nl/vocab/cedar-residenceStatus#JuridischAanwezig,http://lod.cedar-project.nl/vocab/cedar-Kom#BinnenKom,http://purl.org/linked-data/sdmx/2009/code#sex-F
54,http://lod.cedar-project.nl:8888/cedar/resource/VT_1859_01_H1-S3-J54-h,14,,http://lod.cedar-project.nl/vocab/cedar-residenceStatus#JuridischAanwezig,http://lod.cedar-project.nl/vocab/cedar-Kom#BinnenKom,http://purl.org/linked-data/sdmx/2009/code#sex-F
55,http://lod.cedar-project.nl:8888/cedar/resource/VT_1859_01_H1-S3-J55-h,2621,,http://lod.cedar-project.nl/vocab/cedar-residenceStatus#JuridischAanwezig,http://lod.cedar-project.nl/vocab/cedar-Kom#BinnenKom,http://purl.org/linked-data/sdmx/2009/code#sex-F
56,http://lod.cedar-project.nl:8888/cedar/resource/VT_1859_01_H1-S3-J56-h,2870,,http://lod.cedar-project.nl/vocab/cedar-residenceStatus#JuridischAanwezig,http://lod.cedar-project.nl/vocab/cedar-Kom#BinnenKom,http://purl.org/linked-data/sdmx/2009/code#sex-F
57,http://lod.cedar-project.nl:8888/cedar/resource/VT_1859_01_H1-S3-J57-h,2,,http://lod.cedar-project.nl/vocab/cedar-residenceStatus#JuridischAanwezig,http://lod.cedar-project.nl/vocab/cedar-Kom#BinnenKom,http://purl.org/linked-data/sdmx/2009/code#sex-F
58,http://lod.cedar-project.nl:8888/cedar/resource/VT_1859_01_H1-S3-J58-h,3119,,http://lod.cedar-project.nl/vocab/cedar-residenceStatus#JuridischAanwezig,http://lod.cedar-project.nl/vocab/cedar-Kom#BinnenKom,http://purl.org/linked-data/sdmx/2009/code#sex-F
59,http://lod.cedar-project.nl:8888/cedar/resource/VT_1859_01_H1-S3-J59-h,19,,http://lod.cedar-project.nl/vocab/cedar-residenceStatus#JuridischAanwezig,http://lod.cedar-project.nl/vocab/cedar-Kom#BinnenKom,http://purl.org/linked-data/sdmx/2009/code#sex-F
60,http://lod.cedar-project.nl:8888/cedar/resource/VT_1859_01_H1-S3-J60-h,2341,,http://lod.cedar-project.nl/vocab/cedar-residenceStatus#JuridischAanwezig,http://lod.cedar-project.nl/vocab/cedar-Kom#BinnenKom,http://purl.org/linked-data/sdmx/2009/code#sex-F
61,http://lod.cedar-project.nl:8888/cedar/resource/VT_1859_01_H1-S3-J61-h,23,,http://lod.cedar-project.nl/vocab/cedar-residenceStatus#JuridischAanwezig,http://lod.cedar-project.nl/vocab/cedar-Kom#BinnenKom,http://purl.org/linked-data/sdmx/2009/code#sex-F
62,http://lod.cedar-project.nl:8888/cedar/resource/VT_1859_01_H1-S3-J62-h,2538,,http://lod.cedar-project.nl/vocab/cedar-residenceStatus#JuridischAanwezig,http://lod.cedar-project.nl/vocab/cedar-Kom#BinnenKom,http://purl.org/linked-data/sdmx/2009/code#sex-F
63,http://lod.cedar-project.nl:8888/cedar/resource/VT_1859_01_H1-S3-J63-h,14,,http://lod.cedar-project.nl/vocab/cedar-residenceStatus#JuridischAanwezig,http://lod.cedar-project.nl/vocab/cedar-Kom#BinnenKom,http://purl.org/linked-data/sdmx/2009/code#sex-F
64,http://lod.cedar-project.nl:8888/cedar/resource/VT_1859_01_H1-S3-J64-h,2660,,http://lod.cedar-project.nl/vocab/cedar-residenceStatus#JuridischAanwezig,http://lod.cedar-project.nl/vocab/cedar-Kom#BinnenKom,http://purl.org/linked-data/sdmx/2009/code#sex-F
65,http://lod.cedar-project.nl:8888/cedar/resource/VT_1859_01_H1-S3-J65-h,2,,http://lod.cedar-project.nl/vocab/cedar-residenceStatus#JuridischAanwezig,http://lod.cedar-project.nl/vocab/cedar-Kom#BinnenKom,http://purl.org/linked-data/sdmx/2009/code#sex-F
66,http://lod.cedar-project.nl:8888/cedar/resource/VT_1859_01_H1-S3-J66-h,2825,,http://lod.cedar-project.nl/vocab/cedar-residenceStatus#JuridischAanwezig,http://lod.cedar-project.nl/vocab/cedar-Kom#BinnenKom,http://purl.org/linked-data/sdmx/2009/code#sex-F
67,http://lod.cedar-project.nl:8888/cedar/resource/VT_1859_01_H1-S3-J67-h,1959,,http://lod.cedar-project.nl/vocab/cedar-residenceStatus#JuridischAanwezig,http://lod.cedar-project.nl/vocab/cedar-Kom#BinnenKom,http://purl.org/linked-data/sdmx/2009/code#sex-F
68,http://lod.cedar-project.nl:8888/cedar/resource/VT_1859_01_H1-S3-J68-h,2117,,http://lod.cedar-project.nl/vocab/cedar-residenceStatus#JuridischAanwezig,http://lod.cedar-project.nl/vocab/cedar-Kom#BinnenKom,http://purl.org/linked-data/sdmx/2009/code#sex-F
69,http://lod.cedar-project.nl:8888/cedar/resource/VT_1859_01_H1-S3-J69-h,2,,http://lod.cedar-project.nl/vocab/cedar-residenceStatus#JuridischAanwezig,http://lod.cedar-project.nl/vocab/cedar-Kom#BinnenKom,http://purl.org/linked-data/sdmx/2009/code#sex-F
70,http://lod.cedar-project.nl:8888/cedar/resource/VT_1859_01_H1-S3-J70-h,1619,,http://lod.cedar-project.nl/vocab/cedar-residenceStatus#JuridischAanwezig,http://lod.cedar-project.nl/vocab/cedar-Kom#BinnenKom,http://purl.org/linked-data/sdmx/2009/code#sex-F
71,http://lod.cedar-project.nl:8888/cedar/resource/VT_1859_01_H1-S3-J71-h,5185,,http://lod.cedar-project.nl/vocab/cedar-residenceStatus#JuridischAanwezig,http://lod.cedar-project.nl/vocab/cedar-Kom#BinnenKom,http://purl.org/linked-data/sdmx/2009/code#sex-F
72,http://lod.cedar-project.nl:8888/cedar/resource/VT_1859_01_H1-S3-J72-h,1,,http://lod.cedar-project.nl/vocab/cedar-residenceStatus#JuridischAanwezig,http://lod.cedar-project.nl/vocab/cedar-Kom#BinnenKom,http://purl.org/linked-data/sdmx/2009/code#sex-F
73,http://lod.cedar-project.nl:8888/cedar/resource/VT_1859_01_H1-S3-J73-h,4046,,http://lod.cedar-project.nl/vocab/cedar-residenceStatus#JuridischAanwezig,http://lod.cedar-project.nl/vocab/cedar-Kom#BinnenKom,http://purl.org/linked-data/sdmx/2009/code#sex-F
74,http://lod.cedar-project.nl:8888/cedar/resource/VT_1859_01_H1-S3-J74-h,202,,http://lod.cedar-project.nl/vocab/cedar-residenceStatus#JuridischAanwezig,http://lod.cedar-project.nl/vocab/cedar-Kom#BinnenKom,http://purl.org/linked-data/sdmx/2009/code#sex-F
75,http://lod.cedar-project.nl:8888/cedar/resource/VT_1859_01_H1-S3-J75-h,2546,,http://lod.cedar-project.nl/vocab/cedar-residenceStatus#JuridischAanwezig,http://lod.cedar-project.nl/vocab/cedar-Kom#BinnenKom,http://purl.org/linked-data/sdmx/2009/code#sex-F
76,http://lod.cedar-project.nl:8888/cedar/resource/VT_1859_01_H1-S3-J76-h,9,,http://lod.cedar-project.nl/vocab/cedar-residenceStatus#JuridischAanwezig,http://lod.cedar-project.nl/vocab/cedar-Kom#BinnenKom,http://purl.org/linked-data/sdmx/2009/code#sex-F
77,http://lod.cedar-project.nl:8888/cedar/resource/VT_1859_01_H1-S3-J77-h,5706,,http://lod.cedar-project.nl/vocab/cedar-residenceStatus#JuridischAanwezig,http://lod.cedar-project.nl/vocab/cedar-Kom#BinnenKom,http://purl.org/linked-data/sdmx/2009/code#sex-F
78,http://lod.cedar-project.nl:8888/cedar/resource/VT_1859_01_H1-S3-J78-h,23,,http://lod.cedar-project.nl/vocab/cedar-residenceStatus#JuridischAanwezig,http://lod.cedar-project.nl/vocab/cedar-Kom#BinnenKom,http://purl.org/linked-data/sdmx/2009/code#sex-F
79,http://lod.cedar-project.nl:8888/cedar/resource/VT_1859_01_H1-S3-J79-h,3155,,http://lod.cedar-project.nl/vocab/cedar-residenceStatus#JuridischAanwezig,http://lod.cedar-project.nl/vocab/cedar-Kom#BinnenKom,http://purl.org/linked-data/sdmx/2009/code#sex-F
80,http://lod.cedar-project.nl:8888/cedar/resource/VT_1859_01_H1-S3-J80-h,2336,,http://lod.cedar-project.nl/vocab/cedar-residenceStatus#JuridischAanwezig,http://lod.cedar-project.nl/vocab/cedar-Kom#BinnenKom,http://purl.org/linked-data/sdmx/2009/code#sex-F
81,http://lod.cedar-project.nl:8888/cedar/resource/VT_1859_01_H1-S3-J81-h,17,,http://lod.cedar-project.nl/vocab/cedar-residenceStatus#JuridischAanwezig,http://lod.cedar-project.nl/vocab/cedar-Kom#BinnenKom,http://purl.org/linked-data/sdmx/2009/code#sex-F
82,http://lod.cedar-project.nl:8888/cedar/resource/VT_1859_01_H1-S3-J82-h,3892,,http://lod.cedar-project.nl/vocab/cedar-residenceStatus#JuridischAanwezig,http://lod.cedar-project.nl/vocab/cedar-Kom#BinnenKom,http://purl.org/linked-data/sdmx/2009/code#sex-F
83,http://lod.cedar-project.nl:8888/cedar/resource/VT_1859_01_H1-S3-J83-h,42,,http://lod.cedar-project.nl/vocab/cedar-residenceStatus#JuridischAanwezig,http://lod.cedar-project.nl/vocab/cedar-Kom#BinnenKom,http://purl.org/linked-data/sdmx/2009/code#sex-F
84,http://lod.cedar-project.nl:8888/cedar/resource/VT_1859_01_H1-S3-J84-h,3489,,http://lod.cedar-project.nl/vocab/cedar-residenceStatus#JuridischAanwezig,http://lod.cedar-project.nl/vocab/cedar-Kom#BinnenKom,http://purl.org/linked-data/sdmx/2009/code#sex-F
85,http://lod.cedar-project.nl:8888/cedar/resource/VT_1859_01_H1-S3-J85-h,2987,,http://lod.cedar-project.nl/vocab/cedar-residenceStatus#JuridischAanwezig,http://lod.cedar-project.nl/vocab/cedar-Kom#BinnenKom,http://purl.org/linked-data/sdmx/2009/code#sex-F
86,http://lod.cedar-project.nl:8888/cedar/resource/VT_1859_01_H1-S3-J86-h,3758,,http://lod.cedar-project.nl/vocab/cedar-residenceStatus#JuridischAanwezig,http://lod.cedar-project.nl/vocab/cedar-Kom#BinnenKom,http://purl.org/linked-data/sdmx/2009/code#sex-F
87,http://lod.cedar-project.nl:8888/cedar/resource/VT_1859_01_H1-S3-J87-h,2500,,http://lod.cedar-project.nl/vocab/cedar-residenceStatus#JuridischAanwezig,http://lod.cedar-project.nl/vocab/cedar-Kom#BinnenKom,http://purl.org/linked-data/sdmx/2009/code#sex-F
88,http://lod.cedar-project.nl:8888/cedar/resource/VT_1859_01_H1-S3-J88-h,3370,,http://lod.cedar-project.nl/vocab/cedar-residenceStatus#JuridischAanwezig,http://lod.cedar-project.nl/vocab/cedar-Kom#BinnenKom,http://purl.org/linked-data/sdmx/2009/code#sex-F
89,http://lod.cedar-project.nl:8888/cedar/resource/VT_1859_01_H1-S3-J89-h,2568,,http://lod.cedar-project.nl/vocab/cedar-residenceStatus#JuridischAanwezig,http://lod.cedar-project.nl/vocab/cedar-Kom#BinnenKom,http://purl.org/linked-data/sdmx/2009/code#sex-F
90,http://lod.cedar-project.nl:8888/cedar/resource/VT_1859_01_H1-S3-J90-h,3064,,http://lod.cedar-project.nl/vocab/cedar-residenceStatus#JuridischAanwezig,http://lod.cedar-project.nl/vocab/cedar-Kom#BinnenKom,http://purl.org/linked-data/sdmx/2009/code#sex-F
91,http://lod.cedar-project.nl:8888/cedar/resource/VT_1859_01_H1-S3-J91-h,2239,,http://lod.cedar-project.nl/vocab/cedar-residenceStatus#JuridischAanwezig,http://lod.cedar-project.nl/vocab/cedar-Kom#BinnenKom,http://purl.org/linked-data/sdmx/2009/code#sex-F
92,http://lod.cedar-project.nl:8888/cedar/resource/VT_1859_01_H1-S3-J92-h,2333,,http://lod.cedar-project.nl/vocab/cedar-residenceStatus#JuridischAanwezig,http://lod.cedar-project.nl/vocab/cedar-Kom#BinnenKom,http://purl.org/linked-data/sdmx/2009/code#sex-F
93,http://lod.cedar-project.nl:8888/cedar/resource/VT_1859_01_H1-S3-J93-h,4,,http://lod.cedar-project.nl/vocab/cedar-residenceStatus#JuridischAanwezig,http://lod.cedar-project.nl/vocab/cedar-Kom#BinnenKom,http://purl.org/linked-data/sdmx/2009/code#sex-F
94,http://lod.cedar-project.nl:8888/cedar/resource/VT_1859_01_H1-S3-J94-h,2818,,http://lod.cedar-project.nl/vocab/cedar-residenceStatus#JuridischAanwezig,http://lod.cedar-project.nl/vocab/cedar-Kom#BinnenKom,http://purl.org/linked-data/sdmx/2009/code#sex-F
95,http://lod.cedar-project.nl:8888/cedar/resource/VT_1859_01_H1-S3-J95-h,1749,,http://lod.cedar-project.nl/vocab/cedar-residenceStatus#JuridischAanwezig,http://lod.cedar-project.nl/vocab/cedar-Kom#BinnenKom,http://purl.org/linked-data/sdmx/2009/code#sex-F
96,http://lod.cedar-project.nl:8888/cedar/resource/VT_1859_01_H1-S3-J96-h,3,,http://lod.cedar-project.nl/vocab/cedar-residenceStatus#JuridischAanwezig,http://lod.cedar-project.nl/vocab/cedar-Kom#BinnenKom,http://purl.org/linked-data/sdmx/2009/code#sex-F
97,http://lod.cedar-project.nl:8888/cedar/resource/VT_1859_01_H1-S3-J97-h,2641,,http://lod.cedar-project.nl/vocab/cedar-residenceStatus#JuridischAanwezig,http://lod.cedar-project.nl/vocab/cedar-Kom#BinnenKom,http://purl.org/linked-data/sdmx/2009/code#sex-F
98,http://lod.cedar-project.nl:8888/cedar/resource/VT_1859_01_H1-S3-J98-h,2851,,http://lod.cedar-project.nl/vocab/cedar-residenceStatus#JuridischAanwezig,http://lod.cedar-project.nl/vocab/cedar-Kom#BinnenKom,http://purl.org/linked-data/sdmx/2009/code#sex-F
99,http://lod.cedar-project.nl:8888/cedar/resource/VT_1859_01_H1-S3-J99-h,12,,http://lod.cedar-project.nl/vocab/cedar-residenceStatus#JuridischAanwezig,http://lod.cedar-project.nl/vocab/cedar-Kom#BinnenKom,http://purl.org/linked-data/sdmx/2009/code#sex-F
90,http://lod.cedar-project.nl:8888/cedar/resource/VT_1859_01_H1-S3-H90-h,1430,,,http://lod.cedar-project.nl/vocab/cedar-Kom#BinnenKom,
91,http://lod.cedar-project.nl:8888/cedar/resource/VT_1859_01_H1-S3-H91-h,839,,,http://lod.cedar-project.nl/vocab/cedar-Kom#BinnenKom,
92,http://lod.cedar-project.nl:8888/cedar/resource/VT_1859_01_H1-S3-H92-h,837,,,http://lod.cedar-project.nl/vocab/cedar-Kom#BinnenKom,
93,http://lod.cedar-project.nl:8888/cedar/resource/VT_1859_01_H1-S3-H93-h,2,,,http://lod.cedar-project.nl/vocab/cedar-Kom#BinnenKom,
94,http://lod.cedar-project.nl:8888/cedar/resource/VT_1859_01_H1-S3-H94-h,916,,,http://lod.cedar-project.nl/vocab/cedar-Kom#BinnenKom,
95,http://lod.cedar-project.nl:8888/cedar/resource/VT_1859_01_H1-S3-H95-h,498,,,http://lod.cedar-project.nl/vocab/cedar-Kom#BinnenKom,
96,http://lod.cedar-project.nl:8888/cedar/resource/VT_1859_01_H1-S3-H96-h,8,,,http://lod.cedar-project.nl/vocab/cedar-Kom#BinnenKom,
97,http://lod.cedar-project.nl:8888/cedar/resource/VT_1859_01_H1-S3-H97-h,1084,,,http://lod.cedar-project.nl/vocab/cedar-Kom#BinnenKom,
98,http://lod.cedar-project.nl:8888/cedar/resource/VT_1859_01_H1-S3-H98-h,1208,,,http://lod.cedar-project.nl/vocab/cedar-Kom#BinnenKom,
99,http://lod.cedar-project.nl:8888/cedar/resource/VT_1859_01_H1-S3-H99-h,7,,,http://lod.cedar-project.nl/vocab/cedar-Kom#BinnenKom,
